"id","knowledgeShoppingMallProductId","originProductNo","productName","productOptionContent","reviewContent","reviewScore","writerId","createDate",reviewUrls
"4445015406","6626482241","6594897034","온누리약국개발 더폴슨 강아지 종합영양제 1BOX 영양 간식 애견 노견 노령견 관절 심장 영양제 비타민 반려견영양제","개수: 1박스 + 5ea","맛있게   잘 먹고건강하길~~","5","syru***","2024-03-17T06:52:35.772+00:00","&https://phinf.pstatic.net/checkout.phinf/20240317_268/1710658346959borso_JPEG/1710658333971.jpg&"
"4444630030","6626482241","6594897034","더폴슨 강아지 종합영양제 1BOX 영양 간식 애견 노견 노령견 관절 심장 영양제 비타민","개수: 1박스 + 5ea","강아지가 넘 좋아해요","5","tls2***","2024-03-16T10:27:17.592+00:00","&https://phinf.pstatic.net/checkout.phinf/20240316_223/17105848114845UImX_JPEG/IMG_6363.jpeg&"
"4441422963","6626482241","6594897034","온누리약국개발 더폴슨 강아지 종합영양제 1BOX 영양 간식 애견 노견 노령견 관절 심장 영양제 비타민","개수: 1박스 + 5ea","지속적으로 먹이고 있는데.너무 좋습니다","5","jml0***","2024-03-11T14:22:06.344+00:00",""
"4441405362","6626482241","6594897034","온누리약국개발 더폴슨 강아지 종합영양제 1BOX 영양 간식 애견 노견 노령견 관절 심장 영양제 비타민","개수: 1박스 + 5ea","배송도빠르고 잘먹네요","5","ohyo*****","2024-03-11T13:39:11.720+00:00","&https://phinf.pstatic.net/checkout.phinf/20240311_135/1710164342662rIWO5_JPEG/1710164325646.jpg&"
"4440943117","6626482241","6594897034","온누리약국개발 더폴슨 강아지 종합영양제 1BOX 영양 간식 애견 노견 노령견 관절 심장 영양제 비타민","개수: 1박스 + 5ea","진짜 좋아해서 잘 먹네요.
건강에 도움될듯 합니다","5","rain*******","2024-03-11T00:43:25.427+00:00","&https://phinf.pstatic.net/checkout.phinf/20240311_205/1710117702118QRM3I_JPEG/1710117690264.jpg&,&https://phinf.pstatic.net/checkout.phinf/20240311_170/1710117798305RIq2W_JPEG/1710117786264.jpg&"
"4438593648","6626482241","6594897034","더폴슨 강아지 종합영양제 1BOX 영양 간식 애견 노견 노령견 관절 심장 영양제 비타민","개수: 1박스 + 5ea","일단 너무 잘 먹어서 좋고 먹이기도 너무 편해요","5","sya2****","2024-03-07T04:19:11.618+00:00","&https://phinf.pstatic.net/checkout.phinf/20240307_183/1709785145651uIXnH_JPEG/1000051012.jpg&,&https://phinf.pstatic.net/checkout.phinf/20240307_184/1709785146006kb2Fy_JPEG/1000051011.jpg&"
"4438366589","6626482241","6594897034","온누리약국개발 더폴슨 강아지 종합영양제 1BOX 영양 간식 애견 노견 노령견 관절 심장 영양제 비타민","개수: 1박스 + 5ea","우리집 강아지는 잘 안먹어여ㅜㅜ 시쮸","5","hist*******","2024-03-06T21:57:35.681+00:00",""
"4436851654","6626482241","6594897034","온누리약국개발 더폴슨 강아지 종합영양제 1BOX 영양 간식 애견 노견 노령견 관절 심장 영양제 비타민","개수: 1박스 + 5ea","아직은잘모르겠습니다수개월을먹여봐야되는지더구매를해봐야될것같습니다","5","cami****","2024-03-04T21:02:35.071+00:00","&https://phinf.pstatic.net/checkout.phinf/20240305_294/1709586147511vJ1m3_JPEG/1709586108032.jpg&"
"4436667115","6626482241","6594897034","더폴슨 강아지 종합영양제 1BOX 영양 간식 애견 노견 노령견 관절 심장 영양제 비타민","개수: 1박스 + 5ea","강아지가 잘먹었구
간식처럼 하루에 한개씩 먹였는데
더 구매할예정입니다","5","qkrt*******","2024-03-04T09:15:07.549+00:00",""
"4435802335","6626482241","6594897034","온누리약국개발 더폴슨 강아지 종합영양제 1BOX 영양 간식 애견 노견 노령견 관절 심장 영양제 비타민","개수: 1박스 + 5ea","기호도 최고의 종합영양제!
계속 재구매 예정입니다 :)","5","kahj****","2024-03-02T11:49:53.837+00:00",""
"4435368529","6626482241","6594897034","더폴슨 강아지 종합영양제 1BOX 영양 간식 애견 노견 노령견 관절 심장 영양제 비타민","개수: 1박스 + 5ea","일단 기호성이 좋아요 껌처럼 맛있게 잘먹음. 온누리약국 브랜드값 믿고 먹입니다","5","todn*******","2024-03-01T13:16:19.101+00:00",""
"4433504127","6626482241","6594897034","온누리약국개발 더폴슨 강아지 종합영양제 1BOX 영양 간식 애견 노견 노령견 관절 심장 영양제 비타민","개수: 1박스 + 5ea","강아지가 너무 좋아합니다 
보기만해도 달라고 난리쳐요","5","yuby****","2024-02-27T11:19:36.462+00:00","&https://phinf.pstatic.net/checkout.phinf/20240227_114/1709032723502lnuc4_JPEG/1709032706917.jpg&"
"4433164556","6626482241","6594897034","온누리약국개발 더폴슨 강아지 종합영양제 1BOX 영양 간식 애견 노견 노령견 관절 심장 영양제 비타민","개수: 1박스 + 5ea","댕댕이가 너무너무 잘먹어  기쁜마음으로 먹이고 있어요","5","hj****","2024-02-27T03:16:33.772+00:00",""
"4431586069","6626482241","6594897034","온누리약국개발 더폴슨 강아지 종합영양제 1BOX 영양 간식 애견 노견 노령견 관절 심장 영양제 비타민","개수: 1박스 + 5ea","애기가 엄청 좋아합니다! 지금도 건강하지만 앞으로도 쭈욱 지금처럼 건강했으면 좋겠어요 ㅎㅎ","5","mhan***","2024-02-24T03:32:09.649+00:00","&https://phinf.pstatic.net/checkout.phinf/20240224_13/1708745464789yqxmQ_JPEG/image.jpg&"
"4427421322","6626482241","6594897034","온누리약국개발 더폴슨 강아지 종합영양제 1BOX 영양 간식 애견 노견 노령견 관절 심장 영양제 비타민","개수: 1박스 + 5ea","믿고 먹이는 영양제에요 애들이 너무 좋아해서 안사줄이유가없어요","5","kng0****","2024-02-17T12:07:01.885+00:00","&https://phinf.pstatic.net/checkout.phinf/20240217_177/1708171616224VxGdp_JPEG/image.jpg&"
"4426348560","6626482241","6594897034","온누리약국개발 더폴슨 강아지 종합영양제 1BOX 영양 간식 애견 노견 노령견 관절 심장 영양제 비타민","개수: 1박스 + 5ea","배송이 빠릅니다. 감사합니다.","5","di****","2024-02-16T01:01:30.089+00:00",""
"4425187667","6626482241","6594897034","온누리약국개발 더폴슨 강아지 종합영양제 1BOX 영양 간식 애견 노견 노령견 관절 심장 영양제 비타민","개수: 1박스 + 5ea","냄새가 너무 역해요...강아지도 냄새 맞더니 안먹네요 ㅎㅎ 아까우니 당분간은 좀 더 먹여봐야할듯요","2","yul1***","2024-02-14T10:13:29.473+00:00",""
"4423492062","6626482241","6594897034","더폴슨 강아지 종합영양제 1BOX 영양 간식 애견 노견 노령견 관절 심장 영양제 비타민","개수: 1박스 + 5ea","배송도 빨랐고 잘 먹어서 좋아요","5","jyoo*****","2024-02-10T03:55:49.235+00:00",""
"4420913020","6626482241","6594897034","온누리약국개발 더폴슨 강아지 종합영양제 1BOX 영양 간식 애견 노견 노령견 관절 심장 영양제 비타민","개수: 1박스 + 5ea","푸들 6살된 아이 치아가 좋지 않아 딱딱한 간식은 잘 못 먹는데 딱딱하지 않아 너무 맛있게 잘 먹어요~","5","ym****","2024-02-05T06:18:11.735+00:00","&https://phinf.pstatic.net/checkout.phinf/20240205_13/1707113846548YoMKm_JPEG/1707113804833.jpg&,&https://phinf.pstatic.net/checkout.phinf/20240205_195/1707113879634t1Vea_JPEG/1707113864929.jpg&"
"4420460080","6626482241","6594897034","온누리약국개발 더폴슨 강아지 종합영양제 1BOX 영양 간식 애견 노견 노령견 관절 심장 영양제 비타민","개수: 1박스 + 5ea","인터넷에서 검색을 하다가 찾은 영양제. 우선 영양소별 함량이 멍시되어 믿음이 왔고, 추가로 낱개 서비스를 주셔서 고마윘고, 딱딱하지 않아 반려견이 먹기에 무리가 없어 잘 먹어서 좋았습니다. 먹인지 며칠 되지않아 효과를 평가하기에는 무리지만 여러 후기들을 읽어보니 신뢰가 가서 꾸준히 먹여볼 계획입니다.","5","happ******","2024-02-04T12:20:17.763+00:00","&https://phinf.pstatic.net/checkout.phinf/20240204_196/1707049211457FUTiq_JPEG/1000003474.jpg&"
"4420134904","6626482241","6594897034","온누리약국개발 더폴슨 강아지 종합영양제 1BOX 영양 간식 애견 노견 노령견 관절 심장 영양제 비타민","개수: 1박스 + 5ea","아직 한개로 나눠주고 있는데 너무 잘먹어요.
약국에서 개발했다해서 믿음이 더 가길래 구매했어요. 우리 강쥐 건강하게 ^^","5","rain*******","2024-02-04T01:22:27.431+00:00","&https://phinf.pstatic.net/checkout.phinf/20240204_1/1707009730643lKRKK_JPEG/1000005497.jpg&,&https://phinf.pstatic.net/checkout.phinf/20240204_265/1707009742383awrrI_JPEG/1000005498.jpg&"
"4419567541","6626482241","6594897034","온누리약국개발 더폴슨 강아지 종합영양제 1BOX 영양 간식 애견 노견 노령견 관절 심장 영양제 비타민","개수: 1박스 + 5ea","샘플로 주신 한개만 급여해보고 잘먹길래 잘됬다했는데
애기가 돌연 강아지별로 가버렸네요
본품은 개봉도 안했는데 구매확정 해버려서 리뷰 작성해요 ㅠㅠ","5","iamg****","2024-02-03T02:02:54.112+00:00",""
"4418491170","6626482241","6594897034","온누리약국개발 더폴슨 강아지 종합영양제 1BOX 영양 간식 애견 노견 노령견 관절 심장 영양제 비타민","개수: 1박스 + 5ea","넘 좋아요 잘 먹일게요","5","lck0****","2024-02-01T09:04:12.642+00:00",""
"4418284578","6626482241","6594897034","온누리약국개발 더폴슨 강아지 종합영양제 1BOX 영양 간식 애견 노견 노령견 관절 심장 영양제 비타민","개수: 1박스 + 5ea","울강아아지들이질병으로부터보호받길바라면서크기도크네요말랑거립니다","5","cami****","2024-02-01T04:03:20.870+00:00","&https://phinf.pstatic.net/checkout.phinf/20240201_150/1706760165887KgTRl_JPEG/1706760148302.jpg&"
"4414083521","6626482241","6594897034","더폴슨 강아지 종합영양제 1BOX 영양 간식 애견 노견 노령견 관절 심장 영양제 비타민","개수: 1박스 + 5ea","너무좋아요~~~~ 배송빠르고 아가도 잘먹구요~","5","yooh******","2024-01-25T07:05:31.155+00:00",""
"4413991401","6626482241","6594897034","더폴슨 강아지 종합영양제 1BOX 영양 간식 애견 노견 노령견 관절 심장 영양제 비타민","개수: 1박스 + 5ea","댕댕이가 간식처럼 잘 먹어용! 먹이기 편해요","5","91ar****","2024-01-25T04:53:36.884+00:00","&https://phinf.pstatic.net/checkout.phinf/20240125_106/1706158410167DBubO_JPEG/IMG_4590.jpeg&"
"4411118986","6626482241","6594897034","온누리약국개발 더폴슨 강아지 종합영양제 1BOX 영양 간식 애견 노견 노령견 관절 심장 영양제 비타민","개수: 1박스 + 5ea","우리 아이들이 잘먹네요~
젤리라 식감이 좋은가봐요 계속 먹여볼께요^^~","5","min7****","2024-01-20T09:57:54.792+00:00",""
"4410533576","6626482241","6594897034","온누리약국개발 더폴슨 강아지 종합영양제 1BOX 영양 간식 애견 노견 노령견 관절 심장 영양제 비타민","개수: 1박스 + 5ea","며칠줘봤는데 진짜 한 10초만에 다먹어요ㅋㅋ알러지나 구토반응도 없고 괜찮네요ㅎㅎ이제 곧 6살되는 강아지라 영양제 이제부터 챙겨주려고 구매했어요ㅎㅎ","5","yeon****","2024-01-19T09:23:14.515+00:00","&https://phinf.pstatic.net/checkout.phinf/20240119_203/1705656165584mkheh_JPEG/IMG_2848.jpeg&,&https://phinf.pstatic.net/checkout.phinf/20240119_164/1705656165952FWd4T_JPEG/IMG_2844.jpeg&"
"4407991601","6626482241","6594897034","온누리약국개발 더폴슨 강아지 종합영양제 1BOX 영양 간식 애견 노견 노령견 관절 심장 영양제 비타민","개수: 1박스 + 5ea","아직 지켜봐야할거 같아요. 냄새는 맡는데 잘 먹지 않아서요ㅜㅜ","5","hist*******","2024-01-15T21:51:31.222+00:00",""
"4407345018","6626482241","6594897034","온누리약국개발 더폴슨 강아지 종합영양제 1BOX 영양 간식 애견 노견 노령견 관절 심장 영양제 비타민","개수: 1박스 + 5ea","아직5일밖에되지않아 큰효과는 보이지못해도.
각자영양제를먹이다보니 돈이나격차시간이 좀불편했는데.. 종합영양제하나로 효과를볼수있다면 좋겠다는생각으로 꾸준히먹이도록하겠습니다","5","02****","2024-01-14T14:49:55.381+00:00","&https://phinf.pstatic.net/checkout.phinf/20240114_264/1705243726737vgB3V_JPEG/1000014098.jpg&"
"4406760210","6626482241","6594897034","온누리약국개발 더폴슨 강아지 종합영양제 1BOX 영양 간식 애견 노견 노령견 관절 심장 영양제 비타민","개수: 1박스 + 5ea","배송이  빠르고  온누리약국에서  만든제품이라 믿음이 갑니다  잘먹일께요","5","hj****","2024-01-13T11:07:23.277+00:00",""
"4406360614","6626482241","6594897034","더폴슨 강아지 종합영양제 1BOX 영양 간식 애견 노견 노령견 관절 심장 영양제 비타민","개수: 1박스 + 5ea","제가 보기엔 좋은영양제 같은데 우리 강아지는 까탈스러워서  아직은 안먹어요","4","toda****","2024-01-12T18:06:47.113+00:00","&https://phinf.pstatic.net/checkout.phinf/20240113_26/17050828009407tbsO_JPEG/1705082791859.jpg&"
"4400733149","6626482241","6594897034","더폴슨 강아지 종합영양제 1BOX 영양 간식 애견 노견 노령견 관절 심장 영양제 비타민","개수: 1박스 + 5ea","우리 애기 건강하게 오래살길 바라며 챙겨주고있습니다.","5","tksd****","2024-01-04T02:37:28.903+00:00",""
"4398991594","6626482241","6594897034","더폴슨 강아지 종합영양제 1BOX 영양 간식 애견 노견 노령견 관절 심장 영양제 비타민","개수: 1박스 + 5ea","효과는 잘 모르겠지만 계속 먹이고 있어요.","5","1bre********","2024-01-01T01:23:24.823+00:00",""
"4397156730","6626482241","6594897034","더폴슨 강아지 종합영양제 1BOX 영양 간식 애견 노견 노령견 관절 심장 영양제 비타민","개수: 1박스 + 5ea","강아지가 잘먹네요
노견이라 종합영양제 찾다 구매했어요
한달 먹여볼게요","5","qkrt*******","2023-12-28T09:27:30.419+00:00",""
"4395725478","6626482241","6594897034","더폴슨 강아지 종합영양제 1BOX 영양 간식 애견 노견 노령견 관절 심장 영양제 비타민","개수: 1박스 + 5ea","반려견이 13살이 넘은 노견이라 영양보충을 위해 지속적으로 먹이고 있는데 꽤 효능이 좋은것 같아 재차 구매했습니다.","4","ktj1***","2023-12-26T04:17:55.545+00:00","&https://phinf.pstatic.net/checkout.phinf/20231226_282/1703564271560THa0n_JPEG/IMG_2095.jpeg&"
"4392495375","6626482241","6594897034","더폴슨 강아지 종합영양제 1BOX 영양 간식 애견 노견 노령견 관절 심장 영양제 비타민","개수: 1박스 + 5ea","배송빨라요~~~~~~","5","yooh******","2023-12-20T08:36:47.035+00:00",""
"4387468718","6626482241","6594897034","더폴슨 강아지 종합영양제 1BOX 영양 간식 애견 노견 노령견 관절 심장 영양제 비타민","개수: 1박스 + 5ea","잘먹어요 뜯어먹기좋은모양이고 젤리처럼 몰랑해서 잘씹어먹네요
간식대용으로 주고있어요 효과있길바랍니다","5","sexy******","2023-12-12T10:40:37.156+00:00","&https://phinf.pstatic.net/checkout.phinf/20231212_286/1702377624668id2bR_JPEG/1702377605201.jpg&"
"4383928363","6626482241","6594897034","더폴슨 강아지 종합영양제 1BOX 영양 간식 애견 노견 노령견 관절 눈물자국 심장 영양제 비타민","개수: 1박스 + 5ea","내년이면 7살이 되는 우리 막내를 위해 주문했어요~아직 1달밖에 안되서 효과는 잘 모르겠지만 꾸준히 복용하면 좋을거 같아요^^","5","tksd****","2023-12-06T23:59:06.354+00:00",""
"4383099699","6626482241","6594897034","더폴슨 강아지 종합영양제 1BOX 영양 간식 애견 노견 노령견 관절 심장 영양제 비타민","개수: 1박스 + 5ea","아직은 강아지가 좋아하지는 않치만
기다려봐야조.","5","toda****","2023-12-05T16:40:22.403+00:00","&https://phinf.pstatic.net/checkout.phinf/20231206_224/17017944133311HujP_JPEG/1701794403692.jpg&"
"4381079679","6626482241","6594897034","더폴슨 강아지 종합영양제 1BOX 영양 간식 애견 노견 노령견 관절 심장 영양제 비타민","개수: 1박스 + 5ea","좋아요~~~~~~~","5","kang****","2023-12-02T10:51:44.841+00:00",""
"4381025470","6626482241","6594897034","더폴슨 강아지 종합영양제 1BOX 영양 간식 애견 노견 노령견 관절 심장 영양제 비타민","개수: 1박스 + 5ea","잘먹어서 늘 먹이는 제품 입니다.","5","1bre********","2023-12-02T09:09:25.903+00:00",""
"4368337372","6626482241","6594897034","더폴슨 강아지 종합영양제 1BOX 영양 간식 애견 노견 노령견 관절 눈물자국 심장 영양제 비타민","개수: 1박스 + 5ea","울강지가너무좋아해요
자기전제가영양제먹을때 지도이거달라고졸라요
계속먹이다보니 자기영양제인걸아는듯","5","nike******","2023-11-13T01:13:44.934+00:00",""
"4287586073","6626482241","6594897034","더폴슨 강아지 종합영양제 1BOX 영양 간식 애견 노견 노령견 관절 눈물자국 심장 영양제 비타민","개수: 1박스 + 5ea","노견이 사마귀가 생겨서 구입해봤습니다 세개 먹였는데 효과는 잘 모르겠지만 까다로운편인데 잘 먹습니다 사마귀가 더 이상 안 생기길 바라며 종합비타민이니 먹여볼 예정입니다","4","nade******","2023-07-07T03:48:28.957+00:00",""
"4285072142","6626482241","6594897034","더폴슨 강아지 종합영양제 1BOX 영양 간식 애견 노견 노령견 관절 눈물자국 심장 영양제 비타민","개수: 1박스 + 5ea","아직 급여한지 얼마 안됐지만 효과가 있길 바래봅니다! 효과 있음 더 구매하려고욯ㅎ 잘먹어요~","5","hyun****","2023-07-03T12:02:53.753+00:00",""
"4278121696","6626482241","6594897034","더폴슨 강아지 종합영양제 1BOX 영양 간식 애견 노견 노령견 관절 눈물자국 심장 영양제 비타민","개수: 1박스 + 5ea","왜 이제서야 사먹였을까요..ㅎ
간식도 자기입에 안맞으면 안먹는 까탈스러운 개상전인데, 이건 잘먹네요ㅎㅎ
설명도 잘적혀있구 좋네요^^","5","eunb******","2023-06-22T05:48:15.592+00:00","&https://phinf.pstatic.net/checkout.phinf/20230622_208/1687412873678qWrja_JPEG/20230620_151603.jpg&"
"4225525874","6626482241","6594897034","더폴슨 강아지 종합영양제 1BOX 영양 간식 애견 노견 노령견 관절 눈물자국 심장 영양제 비타민","개수: 1박스 + 5ea","잘먹어서 또 구매합니다~~!!!","5","mang******","2023-04-05T13:25:21.851+00:00","&https://phinf.pstatic.net/checkout.phinf/20230405_208/1680701115514JmDu4_JPEG/20230405_222418.jpg&"
"4216440695","6626482241","6594897034","더폴슨 강아지 종합영양제 1BOX 영양 간식 애견 노견 노령견 관절 눈물자국 심장 영양제 비타민","개수: 1박스 + 5ea","잘먹어요. 만족합니다.","5","1bre********","2023-03-23T07:37:48.558+00:00",""
"4198170633","6626482241","6594897034","더폴슨 강아지 종합영양제 1BOX 영양 간식 애견 노견 노령견 관절 눈물자국 심장 영양제 비타민","개수: 1박스 + 5ea","무엇보다 강쥐가 매번 처음 먹는 간식마냥 넘 좋아하고 잘먹습니다","5","mong********","2023-02-25T10:21:07.176+00:00",""
"4192143640","6626482241","6594897034","더폴슨 강아지 종합영양제 1BOX 영양 간식 애견 노견 노령견 관절 눈물자국 심장 영양제 비타민","개수: 1박스 + 5ea","잘먹어요. 만족합니다.","5","1bre********","2023-02-17T01:48:53.189+00:00",""
"4192143087","6626482241","6594897034","더폴슨 강아지 종합영양제 1BOX 영양 간식 애견 노견 노령견 관절 눈물자국 심장 영양제 비타민","개수: 1박스 + 5ea","잘먹어서 매번 주문합니다.","5","1bre********","2023-02-17T01:48:16.305+00:00",""
"4173933604","6626482241","6594897034","더폴슨 강아지 종합영양제 1BOX 영양 간식 애견 노견 노령견 관절 눈물자국 심장 영양제 비타민","개수: 1박스 + 5ea","지금 꾸준히 세박스째 먹이고 있네요 아무래도 씹는 형태의 영양제라서 그런지 더 잘먹어요","5","lsw7***","2023-01-21T07:57:42.548+00:00","&https://phinf.pstatic.net/checkout.phinf/20230121_252/1674287804516nfXxt_JPEG/20230121_165557.jpg&"
"4170886493","6626482241","6594897034","더폴슨 강아지 종합영양제 1BOX 영양 간식 애견 노견 노령견 관절 눈물자국 심장 영양제 비타민","개수: 1박스 + 5ea","강아지가 간식에 환장해서 잘먹네요ㅎㅎ잘게 잘라서 먹이기좋아요!","5","vx****","2023-01-17T01:25:03.914+00:00",""
"4170189129","6626482241","6594897034","더폴슨 강아지 종합영양제 1BOX 영양 간식 애견 노견 노령견 관절 눈물자국 심장 영양제 비타민","개수: 1박스 + 5ea","잘먹어요 만족합니다","5","1bre********","2023-01-16T01:09:07.847+00:00",""
"4166480517","6626482241","6594897034","더폴슨 강아지 종합영양제 1BOX 영양 간식 애견 노견 노령견 관절 눈물자국 심장 영양제 비타민","개수: 1박스 + 5ea","잘먹어요 만족합니다.","5","1bre********","2023-01-10T22:44:02.485+00:00",""
"4166104165","6626482241","6594897034","더폴슨 강아지 종합영양제 1BOX 영양 간식 애견 노견 노령견 관절 눈물자국 심장 영양제 비타민","개수: 1박스 + 5ea","항상 잘 먹이고 있습니다~!! 노령견인데 아주 잘 먹어주네요ㅎㅎ","5","mang******","2023-01-10T09:37:01.273+00:00","&https://phinf.pstatic.net/checkout.phinf/20230110_117/1673343416922yQPdY_JPEG/20230110_183630.jpg&"
"4166015832","6626482241","6594897034","더폴슨 강아지 종합영양제 1BOX 영양 간식 애견 노견 노령견 관절 눈물자국 심장 영양제 비타민","개수: 1박스 + 5ea","강아지가잘먹어서좋았습니다","5","ldai***","2023-01-10T07:42:06.001+00:00",""
"4162632217","6626482241","6594897034","더폴슨 강아지 종합영양제 1BOX 영양 간식 애견 노견 노령견 관절 눈물자국 심장 영양제 비타민","개수: 1박스 + 5ea","강아지가 좋아합니다","5","ps****","2023-01-05T08:45:09.397+00:00",""
"4155107685","6626482241","6594897034","더폴슨 강아지 종합영양제 1BOX 영양 간식 애견 노견 노령견 관절 눈물자국 심장 영양제 비타민","개수: 1박스 + 5ea","종합영양제 제품이라 너무 좋아요!
말랑거려서 치아 걱정 없는 것도 좋아요!
감사합니다","5","zi****","2022-12-25T17:19:57.579+00:00",""
"4154811362","6626482241","6594897034","더폴슨 강아지 종합영양제 1BOX 영양 간식 애견 노견 노령견 관절 눈물자국 심장 영양제 비타민","개수: 1박스 + 5ea","아이가 거부감 없이 스스로도 잘 먹어서 좋아요~~!!!","5","mang******","2022-12-25T07:03:41.170+00:00","&https://phinf.pstatic.net/checkout.phinf/20221225_273/1671951815217pWXMN_JPEG/20221225_160313.jpg&"
"4148679037","6626482241","6594897034","더폴슨 강아지 종합영양제 1BOX 영양 간식 애견 노견 노령견 관절 눈물자국 심장 영양제 비타민","개수: 1박스 + 5ea","밥먹고 먹는데 이제 습관이되어서 옆에서 다먹고 나면 영양제달라고 난리에요 ㅋㅋㅋ","5","aska****","2022-12-16T15:26:27.837+00:00","&https://phinf.pstatic.net/checkout.phinf/20221217_290/1671204308378gbWBt_JPEG/20221123_005201.jpg&"
"4147704415","6626482241","6594897034","더폴슨 강아지 종합영양제 1BOX 영양 간식 애견 노견 노령견 관절 눈물자국 심장 영양제 비타민","개수: 1박스 + 5ea","강아지가 잘 먹어요! 영양제도 입멋까다로워서 잘 못먹였는데 이건 잘먹네요!","5","0918*****","2022-12-15T11:31:16.271+00:00",""
"4144502365","6626482241","6594897034","더폴슨 강아지 종합영양제 1BOX 영양 간식 애견 노견 노령견 관절 눈물자국 심장 영양제 비타민","개수: 1박스 + 5ea","잘먹어요. 만족합니다.","5","1bre********","2022-12-11T08:50:58.238+00:00",""
"4139341100","6626482241","6594897034","더폴슨 강아지 종합영양제 1BOX 영양 간식 애견 노견 노령견 관절 눈물자국 심장 영양제 비타민","개수: 1박스 + 5ea","잘먹어서 만족합니다.","5","1bre********","2022-12-04T10:06:34.744+00:00",""
"4131379257","6626482241","6594897034","더폴슨 강아지 종합영양제 1BOX 영양 간식 애견 노견 노령견 관절 눈물자국 심장 영양제 비타민","개수: 1박스 + 5ea","종합영양제 매일 먹여서 안주면 시무룩해요 ㅋㅋㅋ","5","aska****","2022-11-22T15:56:00.477+00:00","&https://phinf.pstatic.net/checkout.phinf/20221123_207/1669132506205upvKn_JPEG/20221123_005201.jpg&"
"4113528158","6626482241","6594897034","더폴슨 강아지 종합영양제 1BOX 영양 간식 애견 노견 노령견 관절 눈물자국 심장 영양제 비타민","개수: 1박스 + 5ea","영양제라 저번에도 구매했는데 잘 먹어서
다시 구매했어요 근데 이번에는 예약구매라서 오래걸리기도했고 계속 지연이되서 간식이 다 떨어졌는데 마냥 기다렸어요 ㅜㅜ 아픈아이라 아무간식이나 못 먹여서 빨리오길 기다렸는데 한달 넘게 걸린거 같아요
오자마자 간식주니 잘 먹네요 몸에도 더 좋았으면 좋겠어요","4","thdt*****","2022-10-28T05:42:58.342+00:00",""
"4112929221","6626482241","6594897034","더폴슨 강아지 종합영양제 1BOX 영양 간식 애견 노견 노령견 관절 눈물자국 심장 영양제 비타민","개수: 1박스 + 5ea","잘 먹어서 만족합니다.","5","1bre********","2022-10-27T10:12:14.342+00:00",""
"4101707730","6626482241","6594897034","더폴슨 강아지 종합영양제 1BOX 영양 간식 애견 노견 노령견 관절 눈물자국 심장 영양제 비타민","개수: 1박스 + 5ea","제품 설명에 적혀있는대로 적응기만
잘 거치고 급여하면 소화에는 전혀 문제없었어요 (장이 예민한 강아지에요)
기호성도 좋습니다","5","hj****","2022-10-12T05:37:16.853+00:00",""
"4083341077","6626482241","6594897034","더폴슨 강아지 종합영양제 1BOX 영양 간식 애견 노견 노령견 관절 눈물자국 심장 영양제 비타민","개수: 1박스 + 5ea","조아요 배송빠르고 상품도 좋아요","5","wlsd*****","2022-09-14T15:34:21.194+00:00","&https://phinf.pstatic.net/checkout.phinf/20220915_124/16631696388291C4BE_JPEG/20220826_173104.jpg&"
"4070619805","6626482241","6594897034","더폴슨 강아지 종합영양제 1BOX 영양 간식 애견 노견 노령견 관절 눈물자국 심장 영양제 비타민","개수: 1박스 + 5ea","두번째 구매 강아지가 잘먹어서 또한번 구매해봐요","5","cws3***","2022-08-24T13:21:48.681+00:00","&https://phinf.pstatic.net/checkout.phinf/20220824_110/1661347299706nJz70_JPEG/3F8CF74B-ABA2-4909-90D9-6E8E783C921E.jpeg&"
"4070505514","6626482241","6594897034","더폴슨 강아지 종합영양제 1BOX 애견 노견 노령견 관절 눈물자국 심장 영양제 비타민","개수: 1박스 + 5ea","댕댕이가 넘 잘먹어요 ㅎㅎ","5","hh****","2022-08-24T11:02:42.120+00:00",""
"4051173198","6626482241","6594897034","더폴슨 강아지 종합영양제 1BOX 영양 간식 애견 노견 노령견 관절 눈물자국 심장 영양제 비타민","개수: 1박스 + 5ea","맘에듭니다 배송빠른편","5","nava****","2022-07-26T14:56:59.051+00:00",""
"4050876697","6626482241","6594897034","더폴슨 강아지 종합영양제 1BOX 영양 간식 애견 노견 노령견 관절 눈물자국 심장 영양제 비타민","개수: 1박스 + 5ea","저번에 백호누나 이벤트 참여하고 우리아가가 너무 좋아해서 또 구매했네요! 기호성은 정말 말할 필요가 없는듯.... 더불어서 저희 강아지가 이가 약한편인데 편하게 씹는거 보면 노령견들도 무리가 없을 것 같아요! 이거 먹고 입맛이 고급됐다고 어머니가 걱정하시는거 빼고는ㅋㅋㅋ 좋습니다!","5","hali****","2022-07-26T08:48:44.571+00:00","&https://phinf.pstatic.net/checkout.phinf/20220726_62/1658825249289igB0l_JPEG/20220726_172904.jpg&"
"4048461599","6626482241","6594897034","더폴슨 강아지 종합영양제 1BOX 영양 간식 애견 노견 노령견 관절 눈물자국 심장 영양제 비타민","개수: 1박스 + 5ea","조아요 배송빠르고 기호성 좋아요","5","wlsd*****","2022-07-22T11:24:14.275+00:00","&https://phinf.pstatic.net/checkout.phinf/20220722_156/1658489031770XXlQA_JPEG/20220721_140812.jpg&"
"4047951764","6626482241","6594897034","더폴슨 강아지 종합영양제 1BOX 영양 간식 애견 노견 노령견 관절 눈물자국 심장 영양제 비타민","개수: 1박스 + 5ea","우리 댕댕이 너무 잘 먹어용","5","cd****","2022-07-22T00:43:23.870+00:00",""
"4046658866","6626482241","6594897034","더폴슨 강아지 종합영양제 1BOX 애견 노견 노령견 관절 눈물자국 심장 영양제 비타민","개수: 1박스 + 10ea","잘먹어서 좋아요! 영양소도 골고루 있어 안먹일
이유가 없죠 ㅎㅎ","5","0196******","2022-07-20T05:54:07.096+00:00",""
"4046549870","6626482241","6594897034","더폴슨 강아지 종합영양제 1BOX 영양 간식 애견 노견 노령견 관절 눈물자국 심장 영양제 비타민","개수: 1박스 + 5ea","다견가정이라 한달 사용량 인데 20일도 못되서 다 먹음.노견강아지는 한번먹고 안먹어서 4개월인새끼 강아지 2마리에게만 하나씩 줬는데도 금방소진됨. 가격이  비싸서 한달은 먹어봐야는데 금방소진되서 좋은지도 잘 모르겠음. 근데 새끼강아지들이 잘 먹어서 그것 좋았음.이건 1견 가정이나 부자주인이 있는견만 가능한거 같음. 가격이 부담임.","3","ksa7***","2022-07-20T03:22:47.711+00:00",""
"4046136746","6626482241","6594897034","더폴슨 강아지 종합영양제 1BOX 영양 간식 애견 노견 노령견 관절 눈물자국 심장 영양제 비타민","개수: 1박스 + 5ea","더폴슨 영양제 강아지들이 잘먹어요","5","coun***","2022-07-19T11:38:43.283+00:00","&https://phinf.pstatic.net/checkout.phinf/20220719_125/1658230717808VHtwg_JPEG/1658230680629.jpg&"
"4042138838","6626482241","6594897034","더폴슨 강아지 종합영양제 1BOX 애견 노견 노령견 관절 눈물자국 심장 영양제 비타민","개수: 1박스 + 5ea","잘먹는다고 하더라구요 시댁 강아지주려고 구입했는데 잘 먹는다고합니다","5","amor********","2022-07-13T15:55:28.590+00:00",""
"4041772092","6626482241","6594897034","더폴슨 강아지 종합영양제 1BOX 영양 간식 애견 노견 노령견 관절 눈물자국 심장 영양제 비타민","개수: 1박스 + 5ea","3번째 재구매입니다. 잘먹어서 좋아요","5","wjdd********","2022-07-13T07:53:03.706+00:00",""
"4035408596","6626482241","6594897034","더폴슨 강아지 종합영양제 1BOX 영양 간식 애견 노견 노령견 관절 눈물자국 심장 영양제 비타민","개수: 1박스 + 5ea","15살 노견인데 잘 먹어요!
한개를 다 줫더니 변이 좀 물러져서 양은 조절하려구요","4","dhcl******","2022-07-04T15:59:40.543+00:00",""
"4034975435","6626482241","6594897034","더폴슨 강아지 종합영양제 1BOX 영양 간식 애견 노견 노령견 관절 눈물자국 심장 영양제 비타민","개수: 1박스 + 5ea","울집 삼형제 잘먹을수 있을까..걱정이 됩니다만.
일단 두넘은 통과인데 까다로운 한넘은 한마디먹는시간이 꽤 기네요..ㅎ
시간이 좀 지나고 익숙해지면 잘 먹을것 같아요~","5","bbn1***","2022-07-04T03:30:57.234+00:00","&https://phinf.pstatic.net/checkout.phinf/20220704_292/16569054489187JSVq_JPEG/20220704_121642.jpg&,&https://phinf.pstatic.net/checkout.phinf/20220704_215/16569054493585QJqJ_JPEG/20220704_121717.jpg&"
"4034301577","6626482241","6594897034","더폴슨 강아지 종합영양제 1BOX 영양 간식 애견 노견 노령견 관절 눈물자국 심장 영양제 비타민","개수: 1박스 + 5ea","일단 입이 짧은아이라 가루약과 고민을 많이하다가 간식으로 먹이기는게 까먹지도않고 좋을것같아서 주문ㆍ처음에는 살짝 까탈스워서 의심?하면서 먹었는데 조금씩 짤라서 손바닥으로 정성스러모셨더니 잘 드시네요~~역시 전 집사였어요~~ㅋ","5","dolp******","2022-07-03T02:18:39.310+00:00",""
"4033606208","6626482241","6594897034","더폴슨 강아지 종합영양제 1BOX 영양 간식 애견 노견 노령견 관절 눈물자국 심장 영양제 비타민","개수: 1박스 + 5ea","울 댕댕이 피부와 눈,관절건강 복합적으로 관리하려고 좀 비싸도 먹이고있어요","4","bloo***","2022-07-02T01:07:31.600+00:00",""
"4029280781","6626482241","6594897034","더폴슨 강아지 종합영양제 1BOX 영양 간식 애견 노견 노령견 관절 눈물자국 심장 영양제 비타민","개수: 1박스 + 5ea","원래 싸고 좋은건 없죠 좋으니까 돈값도 하고 그러는거죠 잘 먹음","5","mizi****","2022-06-26T02:16:45.903+00:00",""
"4028936619","6626482241","6594897034","더폴슨 강아지 종합영양제 1BOX 영양 간식 애견 노견 노령견 관절 눈물자국 심장 영양제 비타민","개수: 1박스 + 5ea","강아지가 잘 먹어서 아주 좋아요","5","cws3***","2022-06-25T08:59:58.613+00:00",""
"4027760209","6626482241","6594897034","더폴슨 강아지 종합영양제 1BOX 영양 간식 애견 노견 노령견 관절 눈물자국 심장 영양제 비타민","개수: 1박스 + 5ea","건강도 챙기고 간식처럼 잘먹으니 넘좋습니딘","5","nava****","2022-06-23T18:07:48.993+00:00",""
"4022670529","6626482241","6594897034","더폴슨 강아지 종합영양제 1BOX 영양 간식 애견 노견 노령견 관절 눈물자국 심장 영양제 비타민","개수: 1박스 + 5ea","오늘 배송 받고 바로 줬는데 잘 먹네요 ㅎㅎ
효과가 좋기릉 바라면서 한 달 잘 먹여 볼게요!","4","hr****","2022-06-16T13:18:34.437+00:00","&https://phinf.pstatic.net/checkout.phinf/20220616_201/1655385506227bBQB3_JPEG/review-attachment-c1c19002-d2eb-4240-9253-da6a97a01487.jpeg&"
"4022299173","6626482241","6594897034","더폴슨 강아지 종합영양제 1BOX 영양 간식 애견 노견 노령견 관절 눈물자국 심장 영양제 비타민","개수: 1박스 + 5ea","4개월째 되어가는 강아지랑 엄마노견 먹이려고 구매했어요. 우연히 종합영양제라서 좋다고해 비싸지만 구매했지만 아기들은 잘 먹었지만 엄마노견은 안먹더라구요.. 30개에 41000원대라 비싼편이라 다견가정은 좀 부담되긴하네요ㅠㅠㅠ 개별포장과 성분이 자세히 쓰여 있어 그건 편리하고 안심이 됩니다. 서비스로 5개 더주셔서 감사합니다.","4","ksa7***","2022-06-16T05:14:32.280+00:00","&https://phinf.pstatic.net/checkout.phinf/20220616_258/1655356410946Q5HAA_JPEG/review-attachment-9eb80a8b-77a1-46cb-aed8-e8e885d09fdf.jpeg&,&https://phinf.pstatic.net/checkout.phinf/20220616_162/16553564271697SpL8_JPEG/review-attachment-fb6a523f-547f-4a9a-9f90-af2d83e49c5b.jpeg&,&https://phinf.pstatic.net/checkout.phinf/20220616_38/1655356432915PYggB_JPEG/review-attachment-5eef784d-7cf7-4f9f-9ff5-235751f9c322.jpeg&"
"4018969064","6626482241","6594897034","더폴슨 강아지 종합영양제 1BOX 영양 간식 애견 노견 노령견 관절 눈물자국 심장 영양제 비타민","개수: 1박스 + 5ea","처음구매라 아직 잘 모르겠어요","5","nick****","2022-06-11T23:25:55.501+00:00","&https://phinf.pstatic.net/checkout.phinf/20220612_157/1654989947615LLib1_JPEG/review-attachment-4fb0fa20-81ec-4035-8971-709e603f8c27.jpeg&"
"4018852490","6626482241","6594897034","더폴슨 강아지 종합영양제 1BOX 영양 간식 애견 노견 노령견 관절 눈물자국 심장 영양제 비타민","개수: 1박스 + 5ea","강아지가 잘 먹어줘서 좋았는데 유통기간이 1년도 안되네요. 조금 아쉬웠어요.","5","sunt******","2022-06-11T13:50:42.618+00:00",""
"4015780147","6626482241","6594897034","더폴슨 강아지 종합영양제 1BOX 애견 노견 노령견 관절 눈물자국 심장 영양제 비타민","개수: 1박스 + 10ea","3.5키로 푸들 하루1개먹이면 똥이 너무 진득하게 나오네요 반개 이하로 먹이면 좋아요~","4","hurj*****","2022-06-07T22:34:43.175+00:00",""
"4013846651","6626482241","6594897034","더폴슨 강아지 종합영양제 1BOX 애견 노견 노령견 관절 눈물자국 심장 영양제 비타민","개수: 1박스 + 5ea","좋네요 포장도 꼼꼼하구 빠른배송도 만족요","5","gggd****","2022-06-04T14:00:15.496+00:00","&https://phinf.pstatic.net/checkout.phinf/20220604_225/1654351209427ITreV_JPEG/review-attachment-f7424e5a-6187-4659-a793-99159ecaa5cc.jpeg&"
"4013696678","6626482241","6594897034","더폴슨 강아지 종합영양제 1BOX 애견 노견 노령견 관절 눈물자국 심장 영양제 비타민","개수: 1박스 + 5ea","아이들이 너무 잘먹어서 주변에 선물하려고 또 구매할겁니다
말랑말랑 해서 턱 관절 안좋은 강아지도 잘 먹어요 무리없이","5","bcbc****","2022-06-04T09:53:55.145+00:00",""
"4013694821","6626482241","6594897034","더폴슨 강아지 종합영양제 1BOX 영양 간식 애견 노견 노령견 관절 눈물자국 심장 영양제 비타민","개수: 1박스 + 5ea","처음 사용해서 결과가만족스러우면 재구매할계획입니다.","5","pchs***","2022-06-04T09:50:47.007+00:00",""
"4012276506","6626482241","6594897034","더폴슨 강아지 종합영양제 1BOX 애견 노견 노령견 관절 눈물자국 심장 영양제 비타민","개수: 1박스 + 5ea","말랑말랑하고 잘먹어요 강아지 종합영영제가 없어서 사봤는데 먹고 건강했으면 좋겠어요","5","ubin****","2022-06-02T11:48:18.725+00:00",""
"4010101496","6626482241","6594897034","더폴슨 강아지 종합영양제 1BOX 애견 노견 노령견 관절 눈물자국 심장 영양제 비타민","개수: 1박스 + 5ea","영양제인데
댕댕이가너무좋아해서 다행이에여
하나 주면 너무 잘먹네요
성분도 좋아서
안심하고 먹이고있어요 ㅎㅎ","5","hh****","2022-05-30T04:03:12.332+00:00","&https://phinf.pstatic.net/checkout.phinf/20220530_204/1653883388269R4n4H_JPEG/review-attachment-85780cb2-2427-43b2-8702-bf2400785a3a.jpeg&,&https://phinf.pstatic.net/checkout.phinf/20220530_165/1653883388627a7Wrj_JPEG/review-attachment-8f5f2cad-d837-4927-81fd-0a18f04f1c9e.jpeg&"
"4009927693","6626482241","6594897034","더폴슨 강아지 종합영양제 1BOX 애견 노견 노령견 관절 눈물자국 심장 영양제 비타민","개수: 1박스 + 5ea","시댁에 강쥐가있는데 노견이라 간식대신 선택했네요 
좋은거같아요 선물용이라 마음에들어요 고양이것도있는지 확인해봐야겠어요 ㅋ","5","amor********","2022-05-30T00:42:22.647+00:00","&https://phinf.pstatic.net/checkout.phinf/20220530_214/1653871327834doXk3_JPEG/review-attachment-b1fb9586-1c31-4821-92e0-e9bb582a3424.jpeg&"
"4008677976","6626482241","6594897034","더폴슨 강아지 종합영양제 1BOX 애견 노견 노령견 관절 눈물자국 심장 영양제 비타민","개수: 1박스 + 5ea","배송굿 요즘 강아지가 많이 힘들어하는거같아서 구매했어요~~보기에도 고급스러워보이는데 낱개씩 있어서 휴대하면서 하나씩줘도되고 잘먹어요ㅎ","5","kl****","2022-05-27T16:07:07.236+00:00","&https://phinf.pstatic.net/checkout.phinf/20220528_157/1653667543569ysPQX_JPEG/review-attachment-ad038b72-00e5-4d4b-b4c8-d9a79e2e5ead.jpeg&,&https://phinf.pstatic.net/checkout.phinf/20220528_120/1653667549439WdN2l_JPEG/review-attachment-b5b32052-733b-4926-88ff-8f40d4e8d6c4.jpeg&,&https://phinf.pstatic.net/checkout.phinf/20220528_244/1653667550037P6eII_JPEG/review-attachment-d7a4cd53-40ab-422d-b74f-bac4706ef898.jpeg&"
"4008385447","6626482241","6594897034","더폴슨 강아지 종합영양제 1BOX 애견 노견 노령견 관절 눈물자국 심장 영양제 비타민","개수: 1박스 + 10ea","영양제 검색하다가 평이 좋아서 주문했어요
무엇보다 맛있게 잘 먹어서 좋네요 ㅎㅎ","5","0167******","2022-05-27T07:38:20.088+00:00","&https://phinf.pstatic.net/checkout.phinf/20220527_210/1653636977996AwLdv_JPEG/review-attachment-cb2baf5d-c67f-419d-aceb-5d047fa4b866.jpeg&,&https://phinf.pstatic.net/checkout.phinf/20220527_129/16536369779125hzoC_JPEG/review-attachment-f46a76c9-c394-4aff-b12f-7e59e6774cc4.jpeg&"
"4007743547","6626482241","6594897034","더폴슨 강아지 종합영양제 1BOX 애견 노견 노령견 관절 눈물자국 심장 영양제 비타민","개수: 1박스 + 10ea","더폴슨 영양제 두달전에 다른 몰에서 시켜먹여보고 울 애가 잘 먹어서 이번엔 여기 스팜에서 사게 됐네용 ㅋㅋ
다른건 잘 안먹어도 이건 부드러워서 씹기편해서 그런지
아주 잘 받아먹더라고용~
노견이라 이젠 부드러운 이것만 주고 있어요 ㅠㅠ
이것만 먹여도 8대 질환 케어가 가능하고 여러가지 영양을
섭취할수가 있어서 완전 편하고 완전 안심이에용 ㅋㅋ
이거 먹기 시작하면서 애가 더 건강해지고 이전보다 더 잘 뛰어노는게
느껴져서 좋네요~~","5","have***","2022-05-26T11:17:25.367+00:00","&https://phinf.pstatic.net/checkout.phinf/20220526_128/1653563676217lAlH5_JPEG/review-attachment-1f2dce56-34bf-46b3-8039-5b4be03e8613.jpeg&,&https://phinf.pstatic.net/checkout.phinf/20220526_2/1653563676459NjBJl_JPEG/review-attachment-829cb8a8-56bf-4ce2-9b1a-e468121e07a5.jpeg&,&https://phinf.pstatic.net/checkout.phinf/20220526_1/1653563676417nQk6F_JPEG/review-attachment-889d5ec9-82ad-4d59-a9d5-55c94da6160c.jpeg&,&https://phinf.pstatic.net/checkout.phinf/20220526_212/165356367659958TT1_JPEG/review-attachment-cb3b2ac5-5a88-4271-9f19-1173fe513e94.jpeg&"
"4007521684","6626482241","6594897034","더폴슨 강아지 종합영양제 1BOX 애견 노견 노령견 관절 눈물자국 심장 영양제 비타민","개수: 1박스 + 10ea","전에 먹던 영양제 다 먹고 이번에 새로 바꿔봤는데
잘 먹어서 좋더라구요 ㅎㅎ 건강하게 오래 잘 지냈음
좋겠네요 배송도 빠르게 해주시고 감사합니다","5","ekff******","2022-05-26T06:22:32.918+00:00","&https://phinf.pstatic.net/checkout.phinf/20220526_193/1653545987597nV0jV_JPEG/review-attachment-60f8e307-f891-4873-b32b-746f1e030373.jpeg&"
"4007488974","6626482241","6594897034","더폴슨 강아지 종합영양제 1BOX 애견 노견 노령견 관절 눈물자국 심장 영양제 비타민","개수: 1박스 + 10ea","잘 먹네요~ 성분도 꼼꼼하게 보고 주문한건데
잘 산거 같아요 배송 빠르게 해주셔서 감사해요
다 먹으면 또 주문하겠습니다 ㅎㅎ","5","kdm1***","2022-05-26T05:40:12.593+00:00","&https://phinf.pstatic.net/checkout.phinf/20220526_204/1653543585921jWgKl_JPEG/review-attachment-dd2d6b75-e29d-419d-93b7-12315a74e5e7.jpeg&,&https://phinf.pstatic.net/checkout.phinf/20220526_127/1653543585808OAKO5_JPEG/review-attachment-84cbf3b9-2f9c-401f-a8f4-b47c4897902c.jpeg&"
"4007472183","6626482241","6594897034","더폴슨 강아지 종합영양제 1BOX 애견 노견 노령견 관절 눈물자국 심장 영양제 비타민","개수: 1박스 + 10ea","댕댕이 종합영양제 알아보다 주문했어요
가격도 괜찮고 잘 먹어주니 여기서 주문하길
잘했단 생각이 드네요 ㅎㅎ 많이 파세요","5","rlaa**********","2022-05-26T05:18:19.362+00:00","&https://phinf.pstatic.net/checkout.phinf/20220526_251/1653542274968AjvVp_JPEG/review-attachment-c8fed896-0ddb-4fe2-ac27-4d666e911a79.jpeg&"
"4007464920","6626482241","6594897034","더폴슨 강아지 종합영양제 1BOX 애견 노견 노령견 관절 눈물자국 심장 영양제 비타민","개수: 1박스 + 10ea","댕댕이와 오랫동안 함께 건강하게 지내려고 주문했어요
생각보다 잘 먹어줘서 뿌듯합니다 ㅎㅎ 다 먹으면
재주문각이에요","5","kimi*****","2022-05-26T05:09:06.258+00:00","&https://phinf.pstatic.net/checkout.phinf/20220526_119/1653541707647DKyW6_JPEG/review-attachment-d612bf2d-ff74-45f3-bb6b-4ae2cf7012b5.jpeg&"
"4007366319","6626482241","6594897034","더폴슨 강아지 종합영양제 1BOX 애견 노견 노령견 관절 눈물자국 심장 영양제 비타민","개수: 1박스 + 10ea","우리까미가 15살 노견이라
관절도 안좋고 이래저래 힘이 없어서
각종 좋은성분이 많이 들어있는
영양제로 선택하였습니다 ~~
무엇보다 좋은점은 하나씩 개별포장이되어있어서 외출시에도 휴대가 간편하고
간식처럼 말랑말랑해서 이빨이 안좋은
노견들도 잘 먹을수 있게 되어있네요^^
까미를 주니 킁킁거리더니 낼름
맛나게 먹네요~~ ㅎ
너무 흐뭇하네요~~^^
좋은제품 감사합니다 ^^","5","pian****","2022-05-26T02:47:33.512+00:00","&https://phinf.pstatic.net/checkout.phinf/20220526_258/1653533213851Tsu3K_JPEG/review-attachment-5586a620-6659-40ea-8beb-927ba0931476.jpeg&,&https://phinf.pstatic.net/checkout.phinf/20220526_42/1653533225047JIJRH_JPEG/review-attachment-aa6d70e3-0f4b-4b6a-9e70-9da4d64d8575.jpeg&,&https://phinf.pstatic.net/checkout.phinf/20220526_64/1653533235429NgDIH_JPEG/review-attachment-09d60eaf-a06f-4991-af2f-53198f2f66b7.jpeg&,&https://phinf.pstatic.net/checkout.phinf/20220526_285/1653533244558i0wIK_JPEG/review-attachment-a011d8fe-0015-4ea8-9376-a281e007765c.jpeg&"
"4006078357","6626482241","6594897034","더폴슨 강아지 종합영양제 1BOX 애견 노견 노령견 관절 눈물자국 심장 영양제 비타민","개수: 1박스 + 10ea","말랑거려서 머키좋아요","4","ics1***","2022-05-24T09:51:07.613+00:00",""
"4005650008","6626482241","6594897034","더폴슨 강아지 종합영양제 1BOX 애견 노견 노령견 관절 눈물자국 심장 영양제 비타민","개수: 1박스 + 10ea","애기가 저희 집에 온지도 어느새 10년이 넘었네요 ㅠㅠ
원래 굉장히 활발한 아이였는데 요즘 들어 기운이 딸리는지
예전같지 않아서 영양제 좀 먹여보려구요
맛에 예민한 아이라 안 먹으면 어쩌나 걱정했는데 다행히 잘 먹네요~","5","swin***","2022-05-24T00:19:11.024+00:00","&https://phinf.pstatic.net/checkout.phinf/20220524_185/1653351430844OeY59_JPEG/review-attachment-390d2f70-fa82-4c15-871d-754b53a6beaf.jpeg&,&https://phinf.pstatic.net/checkout.phinf/20220524_266/1653351430756K7clr_JPEG/review-attachment-2c98dcae-4dd8-4a61-96db-fc626e01d0bb.jpeg&,&https://phinf.pstatic.net/checkout.phinf/20220524_163/1653351430724rswNQ_JPEG/review-attachment-4d4e09b7-add9-40c3-863b-4efb2320f462.jpeg&"
"4005485272","6626482241","6594897034","더폴슨 강아지 종합영양제 1BOX 애견 노견 노령견 관절 눈물자국 심장 영양제 비타민","개수: 1박스 + 10ea","강아지 8대질환 종합영양제라고 해서 얼른 구매했네요. 여러개 사는거보다 하나로 가능해서 넘넘 간편하고 좋아요. 저희집 강아지 2 마리다 10kg미만이라 하루에 하나씩 주고있구여. 영양제인데 강아지 둘다 다 너무 맛있게 먹어주니까 뿌듯하네요 :) 알러지가 있는 아이들까지 생각해서 만들어주셔서 안심하고 먹이고있어요. 부드러워서 노견들에게 정말 강추입니다 ^^","5","bz****","2022-05-23T12:34:01.599+00:00","&https://phinf.pstatic.net/checkout.phinf/20220523_19/1653308921192Ljv5Q_JPEG/review-attachment-a96ec99b-7675-41b9-bfe5-c52e95d9915b.jpeg&,&https://phinf.pstatic.net/checkout.phinf/20220523_284/1653308921951GMv1v_JPEG/review-attachment-1313403c-05f9-4fc2-aadd-e070260b0f25.jpeg&,&https://phinf.pstatic.net/checkout.phinf/20220523_201/16533089219021TMM6_JPEG/review-attachment-4d4d447b-0209-4b1c-8521-6c365cd9d704.jpeg&,&https://phinf.pstatic.net/checkout.phinf/20220523_113/16533089217122MRo0_JPEG/review-attachment-1b3b2c7f-b331-492c-a2d3-a27d51d2fff9.jpeg&,&https://phinf.pstatic.net/checkout.phinf/20220523_149/1653308921892FlM41_JPEG/review-attachment-febc5410-5f29-4bba-a679-6c9c5666a89f.jpeg&,&https://phinf.pstatic.net/checkout.phinf/20220523_155/1653308921866uYypj_JPEG/review-attachment-2bdc7b6b-eba2-4f43-84fb-9881818de4c6.jpeg&"
"4004941951","6626482241","6594897034","더폴슨 강아지 종합영양제 1BOX 애견 노견 노령견 관절 눈물자국 심장 영양제 비타민","개수: 1박스 + 10ea","얼마전 크게 수술을해서 영양관리에 신경써달라는 말에 열심히 알아보고 구매했어요ㅠㅠ
성분도 좋고 꼼꼼한 포장에 만족스러워요~
맛도 좋은지 간식처럼 잘 먹어요^^","5","jsk8*****","2022-05-22T17:16:28.740+00:00","&https://phinf.pstatic.net/checkout.phinf/20220523_160/16532397811487WTt0_JPEG/review-attachment-54d7d167-a037-46f0-95aa-ca6163556340.jpeg&,&https://phinf.pstatic.net/checkout.phinf/20220523_94/1653239781270Bd9Tc_JPEG/review-attachment-e1b52bfd-4dfe-47a5-8c90-844e1d9a5f9c.jpeg&,&https://phinf.pstatic.net/checkout.phinf/20220523_36/1653239781455IijRS_JPEG/review-attachment-4231787f-e28b-4be6-8d4d-7f83fc2af99f.jpeg&"
"4004940828","6626482241","6594897034","더폴슨 강아지 종합영양제 1BOX 애견 노견 노령견 관절 눈물자국 심장 영양제 비타민","개수: 1박스 + 10ea","노령견이라 영양제를 챙겨먹이는게 좋다는 말에 구매했는데
성분도 너무 안심되고 딱딱하지않고 말랑말랑해서 좋아요~! 냄새가 좋은지 주자마자 바로 잘먹더라구요 ㅎㅎ 꾸준히 맥여볼게용","5","0196******","2022-05-22T17:06:41.333+00:00","&https://phinf.pstatic.net/checkout.phinf/20220523_285/1653239189519vMToh_JPEG/review-attachment-de926f26-611f-469e-90e4-548f56f13a43.jpeg&,&https://phinf.pstatic.net/checkout.phinf/20220523_8/1653239188954HGAmV_JPEG/review-attachment-b16dd364-6a43-4445-9b85-4e4592399104.jpeg&,&https://phinf.pstatic.net/checkout.phinf/20220523_166/1653239190173kS2Hm_JPEG/review-attachment-5d473f5d-4b9f-4bf2-9b85-6107f06e5d62.jpeg&"
"4004761164","6626482241","6594897034","더폴슨 강아지 종합영양제 1BOX 애견 노견 노령견 관절 눈물자국 심장 영양제 비타민","개수: 1박스 + 10ea","딱딱하지 않고 부드러워서 댕댕이가 먹기 편해요
개별포장되서 외출시 가지고 다니면서 주기도 좋을거같아요","5","eunj*******","2022-05-22T10:21:50.968+00:00","&https://phinf.pstatic.net/checkout.phinf/20220522_300/1653214894092flh6H_JPEG/review-attachment-165bfb0f-ef30-4b99-9c88-9bdcfac6ac8b.jpeg&,&https://phinf.pstatic.net/checkout.phinf/20220522_228/1653214904999MqPmq_JPEG/review-attachment-e38c0fd0-def9-4b7a-925c-71335b05f04a.jpeg&"
"3431405824","6626482241","6594897034","더폴슨 강아지 종합영양제 1BOX 애견 노견 노령견 관절 눈물자국 심장 영양제 비타민","개수: 1박스 + 10ea","배송은 3일 걸렸어요. 워낙 택배가 밀리니 그건 이해를 하는데 박스보는 순간 기분이 썩 좋지가 않네요.
반품된걸 다시 보내셨는지 위랑 한쪽 옆부분만 아주 살짝 새로 태이프 붙이고 테이프가 이미 다 개봉된 상태로 왔어요. 
물론 포장상의 실수일수도 있지만 받는 입장에서는 그리 유쾌하진 않았어요.
사은품으로 주신 10개 잘 왔구요, 효과가 있었으면 좋겠어요.
쫀득해서 노견인 아이가 잘 먹네요","4","beei****","2022-05-14T03:54:26.723+00:00","&https://phinf.pstatic.net/checkout.phinf/20220514_15/1652500455614ExNWo_JPEG/review-attachment-9c9da075-7ccc-46dd-9982-6a6cdd37e0ac.jpeg&,&https://phinf.pstatic.net/checkout.phinf/20220514_197/16525004621461Ro2V_JPEG/review-attachment-1663d98f-60b5-4f73-a7a0-8f888edb3ae1.jpeg&"
"4445099715","6626491508","6594906249","온누리약국개발 더폴슨 강아지 종합영양제 2BOX 영양 간식 애견 노견 노령견 관절 심장 영양제 비타민","개수: 2박스 + 5ea","종합영양제라서더좋은거같아요","5","sh****","2024-03-17T10:19:27.083+00:00","&https://phinf.pstatic.net/checkout.phinf/20240317_95/17106707615431KmAg_JPEG/1000005894.jpg&"
"4440808131","6626491508","6594906249","온누리약국개발 더폴슨 강아지 종합영양제 2BOX 영양 간식 애견 노견 노령견 관절 심장 영양제 비타민","개수: 2박스 + 5ea","애기가 잘 먹어요! 일단 그것만으로도 좋네여 ㅎㅎ","5","nu****","2024-03-10T13:40:28.035+00:00","&https://phinf.pstatic.net/checkout.phinf/20240310_227/17100780227721e5YK_JPEG/IMG_3179.jpeg&"
"4440099428","6626491508","6594906249","온누리약국개발 더폴슨 강아지 종합영양제 2BOX 영양 간식 애견 노견 노령견 관절 심장 영양제 비타민","개수: 2박스 + 5ea","다른 곳은 함량도 안적혀있는데 영양성분이 구체적이라 너무 좋아요
애기도 너무 잘 먹고 변도 멀쩡해서 좋아요","5","alth****","2024-03-09T06:37:57.862+00:00","&https://phinf.pstatic.net/checkout.phinf/20240309_128/1709966178373DDHVk_JPEG/20240309_153434.jpg&"
"4429774844","6626491508","6594906249","온누리약국개발 더폴슨 강아지 종합영양제 2BOX 영양 간식 애견 노견 노령견 관절 심장 영양제 비타민","개수: 2박스 + 5ea","강아지가 잘먹어요 건강해진것같기도하고 해요","5","iu****","2024-02-21T07:51:38.286+00:00",""
"4426082619","6626491508","6594906249","온누리약국개발 더폴슨 강아지 종합영양제 2BOX 영양 간식 애견 노견 노령견 관절 심장 영양제 비타민","개수: 2박스 + 5ea","처음먹여보는데 효과좋았으면해요","5","sh****","2024-02-15T12:05:51.203+00:00","&https://phinf.pstatic.net/checkout.phinf/20240215_156/1707998745211G2Grx_JPEG/1000005894.jpg&"
"4423432902","6626491508","6594906249","온누리약국개발 더폴슨 강아지 종합영양제 2BOX 영양 간식 애견 노견 노령견 관절 심장 영양제 비타민","개수: 2박스 + 5ea","잘먹어요
매번 꾸준히 먹이고 있습니다.","5","1bre********","2024-02-10T01:11:43.745+00:00",""
"4420578958","6626491508","6594906249","온누리약국개발 더폴슨 강아지 종합영양제 2BOX 영양 간식 애견 노견 노령견 관절 심장 영양제 비타민","개수: 2박스 + 5ea","예민한 우리 강아지 잘 먹네요
노견인데 종합영양제라 이것만 먹여도될련지..눈이 하얗데 눈영양제. 따로 먹여아하나요?","5","owl0***","2024-02-04T18:09:32.111+00:00",""
"4420565184","6626491508","6594906249","온누리약국개발 더폴슨 강아지 종합영양제 2BOX 영양 간식 애견 노견 노령견 관절 심장 영양제 비타민","개수: 2박스 + 5ea","잘 먹어요! 뜯어서 먹이고 있어요","5","nu****","2024-02-04T16:15:34.316+00:00","&https://phinf.pstatic.net/checkout.phinf/20240205_275/1707063329331MTjHo_JPEG/IMG_2325.jpeg&"
"4415986738","6626491508","6594906249","더폴슨 강아지 종합영양제 2BOX 영양 간식 애견 노견 노령견 관절 심장 영양제 비타민","개수: 2박스 + 5ea","애들이 너무 좋아해요","5","chlr********","2024-01-28T12:00:15.533+00:00","&https://phinf.pstatic.net/checkout.phinf/20240128_108/1706443209655QCuau_JPEG/1706443199077.jpg&"
"4412036773","6626491508","6594906249","온누리약국개발 더폴슨 강아지 종합영양제 2BOX 영양 간식 애견 노견 노령견 관절 심장 영양제 비타민","개수: 2박스 + 5ea","입맛까다로운 15살 노견~ 첨에는 잘 안먹었는데 나중엔 엄청 잘 먹네요~  영양도 좋은거 많이들어있어서 좋습니다","5","inoo***","2024-01-22T05:26:14.020+00:00","&https://phinf.pstatic.net/checkout.phinf/20240122_214/1705901055447dk3V4_JPEG/20240122_104337.jpg&"
"4408536784","6626491508","6594906249","온누리약국개발 더폴슨 강아지 종합영양제 2BOX 영양 간식 애견 노견 노령견 관절 심장 영양제 비타민","개수: 2박스 + 5ea","리트리버가 잘먹어요 에너지도 더 생긴거같아요","5","iu****","2024-01-16T12:00:37.471+00:00",""
"4404008146","6626491508","6594906249","온누리약국개발 더폴슨 강아지 종합영양제 2BOX 영양 간식 애견 노견 노령견 관절 심장 영양제 비타민","개수: 2박스 + 5ea","잘먹어요~~~~~~","5","alsk****","2024-01-09T08:53:51.168+00:00",""
"4403134886","6626491508","6594906249","더폴슨 강아지 종합영양제 2BOX 영양 간식 애견 노견 노령견 관절 심장 영양제 비타민","개수: 2박스 + 5ea","항상 재구매합니다 ㅎㅎ","5","kara*****","2024-01-08T01:59:05.522+00:00",""
"4402797493","6626491508","6594906249","온누리약국개발 더폴슨 강아지 종합영양제 2BOX 영양 간식 애견 노견 노령견 관절 심장 영양제 비타민","개수: 2박스 + 5ea","애들이 잘 먹고 말랑해서 좋아요","5","kng0****","2024-01-07T08:27:42.805+00:00","&https://phinf.pstatic.net/checkout.phinf/20240107_70/1704616056804DOdNh_JPEG/image.jpg&"
"4401800118","6626491508","6594906249","더폴슨 강아지 종합영양제 2BOX 영양 간식 애견 노견 노령견 관절 심장 영양제 비타민","개수: 2박스 + 5ea","빠르게 잘 받았습니다.","5","whit*******","2024-01-05T12:13:25.194+00:00","&https://phinf.pstatic.net/checkout.phinf/20240105_196/17044568001307WVIk_JPEG/IMG_20240105_210538.jpg&"
"4397767944","6626491508","6594906249","더폴슨 강아지 종합영양제 2BOX 영양 간식 애견 노견 노령견 관절 심장 영양제 비타민","개수: 2박스 + 5ea","기호성 좋아요~~~","5","alsk****","2023-12-29T08:32:35.739+00:00",""
"4390459559","6626491508","6594906249","더폴슨 강아지 종합영양제 2BOX 영양 간식 애견 노견 노령견 관절 심장 영양제 비타민","개수: 2박스 + 5ea","늘먹이고있어요 기호성굿굿입니다","5","bloo***","2023-12-17T04:31:14.907+00:00",""
"4344965569","6626491508","6594906249","더폴슨 강아지 종합영양제 2BOX 영양 간식 애견 노견 노령견 관절 눈물자국 심장 영양제 비타민","개수: 2박스 + 5ea","패키징 디자인도 고급스럽고 
우리집 댕댕이들 정말 맛있게 잘 먹네요^^","5","new_*****","2023-10-07T07:39:44.412+00:00","&https://phinf.pstatic.net/checkout.phinf/20231007_53/1696664342682T14IG_JPEG/1696664326009.jpg&"
"4327037721","6626491508","6594906249","더폴슨 강아지 종합영양제 2BOX 영양 간식 애견 노견 노령견 관절 눈물자국 심장 영양제 비타민","개수: 2박스 + 5ea","확실히 이거 먹이고 난 뒤부터 더 활발해졌고 티가 나요.","5","clev********","2023-09-06T10:09:24.403+00:00","&https://phinf.pstatic.net/checkout.phinf/20230906_11/1693994950829MJPhP_JPEG/1000003095.jpg&"
"4300441160","6626491508","6594906249","더폴슨 강아지 종합영양제 2BOX 영양 간식 애견 노견 노령견 관절 눈물자국 심장 영양제 비타민","개수: 2박스 + 5ea","반려견이 이제 13살 노견이라 조금이나 도움이 될까 샀었는데 효과가 상당히 있어 떨어질 때 맞춰서 구매했습니다.","4","ktj1***","2023-07-27T03:40:38.285+00:00",""
"4275986397","6626491508","6594906249","더폴슨 강아지 종합영양제 2BOX 영양 간식 애견 노견 노령견 관절 눈물자국 심장 영양제 비타민","개수: 2박스 + 5ea","노견한테 먹여보면 확실히 효과 있다는 걸 알 수가 있어요.","5","clev********","2023-06-19T06:05:23.054+00:00","&https://phinf.pstatic.net/checkout.phinf/20230619_131/1687154707876vAlEl_JPEG/20230409_154708.jpg&,&https://phinf.pstatic.net/checkout.phinf/20230619_23/1687154708551VwTKd_JPEG/20230208_183255%280%29.jpg&,&https://phinf.pstatic.net/checkout.phinf/20230619_206/1687154708305AvDBB_JPEG/20230409_155505.jpg&"
"4234437001","6626491508","6594906249","더폴슨 강아지 종합영양제 2BOX 영양 간식 애견 노견 노령견 관절 눈물자국 심장 영양제 비타민","개수: 2박스 + 5ea","확실히 효과가 있구요 아이가 더 활발해졌어요.","5","clev********","2023-04-18T08:22:30.720+00:00","&https://phinf.pstatic.net/checkout.phinf/20230418_100/1681806144831iqeTL_JPEG/20230409_154627.jpg&,&https://phinf.pstatic.net/checkout.phinf/20230418_64/16818061450629ozwp_JPEG/20230409_155453.jpg&"
"4199265270","6626491508","6594906249","더폴슨 강아지 종합영양제 2BOX 영양 간식 애견 노견 노령견 관절 눈물자국 심장 영양제 비타민","개수: 2박스 + 5ea","재구매입니다. 잘 먹어요. 효과도 좋고 돈값 제대로 해요^^","5","2w****","2023-02-27T07:59:26.497+00:00",""
"4195815523","6626491508","6594906249","더폴슨 강아지 종합영양제 2BOX 영양 간식 애견 노견 노령견 관절 눈물자국 심장 영양제 비타민","개수: 2박스 + 5ea","노견이 되어가면서 여기저기 안 좋아지고, 다 나았던 피부질환도 다시 생겨서 속상하던 차에 간식제형 종합영양제라고 해서 사봤어요. 진짜 먹이기 편하고... 기호성 엄청 좋습니다. 간식인 줄 알고 환장하고 뛰어다녀요. 피부 염증도 다 싹 사라졌어요. 좀 어릴 땐 영양제를 약처럼 먹여야해서 너무 번거로워서 먹여보려다 관뒀었거든요. 먹일 때마다 의심해서 안 먹기도 하고 억지로 먹이려고 하면 전쟁이고... 먹이기 편해서 꾸준히 급여 가능한 게 제일 좋은 것 같아요. 재구매하려고요.","5","2w****","2023-02-22T07:00:58.365+00:00",""
"4185884036","6626491508","6594906249","더폴슨 강아지 종합영양제 2BOX 영양 간식 애견 노견 노령견 관절 눈물자국 심장 영양제 비타민","개수: 2박스 + 5ea","지금 키우는 노견 떠나기 전에 친구 하나 만들어 줬습니다. 안락사 직전의 똥개 하나 데려왔어요. 배변도 잘 가리고 기존 키우던 노견과 잘 놀아서 다행입니다. 노견이 이걸 먹고 많이 활발해지고 상태가 좋아져서 또 샀습니다. 둘 다 잡종 똥개입니다. 똥개는 사랑입니다.","5","clev********","2023-02-08T10:10:04.768+00:00","&https://phinf.pstatic.net/checkout.phinf/20230208_23/1675850915293RUXzK_JPEG/1673099878032.jpg&,&https://phinf.pstatic.net/checkout.phinf/20230208_284/1675850916454QxL1D_JPEG/1672485827271-1.jpg&,&https://phinf.pstatic.net/checkout.phinf/20230208_60/16758509162120o9Wh_JPEG/20230208_183255%280%29.jpg&,&https://phinf.pstatic.net/checkout.phinf/20230208_294/1675850917516rSgm9_JPEG/20221220_232800.jpg&,&https://phinf.pstatic.net/checkout.phinf/20230208_83/1675850917118tCpvX_JPEG/20230102_201644.jpg&"
"4176976402","6626491508","6594906249","더폴슨 강아지 종합영양제 2BOX 영양 간식 애견 노견 노령견 관절 눈물자국 심장 영양제 비타민","개수: 2박스 + 5ea","애기가 넘 잘먹어요!
기호성도 좋고, 1개로 종합영양을 챙길 수 있어 편해서 좋아요
딱딱하지 않는것도 굳굳 감사합니다","5","zi****","2023-01-27T10:15:55.000+00:00",""
"4136966162","6626491508","6594906249","더폴슨 강아지 종합영양제 2BOX 영양 간식 애견 노견 노령견 관절 눈물자국 심장 영양제 비타민","개수: 2박스 + 5ea","급여량을 잘 조절해서 줘야할거 같아요
영양제 먹고나서부터 눈물이 많아져서 양을 좀 조절하고 있습니다.","5","only*****","2022-12-01T02:00:38.791+00:00","&https://phinf.pstatic.net/checkout.phinf/20221201_290/1669860033149dKRy0_JPEG/20221008_210305.jpg&"
"4120756801","6626491508","6594906249","더폴슨 강아지 종합영양제 2BOX 영양 간식 애견 노견 노령견 관절 눈물자국 심장 영양제 비타민","개수: 2박스 + 5ea","친구 반려견 송이가 잘 먹는데요.","4","jihu****","2022-11-08T01:18:42.899+00:00",""
"4117242145","6626491508","6594906249","더폴슨 강아지 종합영양제 2BOX 영양 간식 애견 노견 노령견 관절 눈물자국 심장 영양제 비타민","개수: 2박스 + 5ea","너무 오래기다렸네요.강아지. 영양제 이거 하나면 충분","3","bloo***","2022-11-02T21:06:45.002+00:00",""
"4115346377","6626491508","6594906249","더폴슨 강아지 종합영양제 2BOX 영양 간식 애견 노견 노령견 관절 눈물자국 심장 영양제 비타민","개수: 2박스 + 5ea","아직 급여한지 얼마안되었지만 둥이가 잘먹어주네요","4","only*****","2022-10-31T06:16:44.732+00:00","&https://phinf.pstatic.net/checkout.phinf/20221031_238/1667196998675gqnxc_JPEG/20221029_133926.jpg&"
"4113073661","6626491508","6594906249","더폴슨 강아지 종합영양제 2BOX 영양 간식 애견 노견 노령견 관절 눈물자국 심장 영양제 비타민","개수: 2박스 + 5ea","기존 제품이랑 색창가 있는데 무슨 이유일까요","4","cws3***","2022-10-27T13:18:09.153+00:00",""
"4112061224","6626491508","6594906249","더폴슨 강아지 종합영양제 2BOX 영양 간식 애견 노견 노령견 관절 눈물자국 심장 영양제 비타민","개수: 2박스 + 5ea","이 영양제로 모두해결이 된다니 믿고 주문해봤어요~
일단 아이가 너무잘먹어요~아이가 건강했으면 하는 마음으로꾸준히 먹여볼게요^^","5","yunh*****","2022-10-26T08:13:46.005+00:00","&https://phinf.pstatic.net/checkout.phinf/20221026_280/1666772016414r0MzW_JPEG/20221026_154350.jpg&"
"4093058027","6626491508","6594906249","더폴슨 강아지 종합영양제 2BOX 영양 간식 애견 노견 노령견 관절 눈물자국 심장 영양제 비타민","개수: 2박스 + 5ea","아기가 잘먹어요 ㅎ 주위에 추천도했어요.","5","pi20****","2022-09-28T11:22:10.878+00:00",""
"4085619991","6626491508","6594906249","더폴슨 강아지 종합영양제 2BOX 영양 간식 애견 노견 노령견 관절 눈물자국 심장 영양제 비타민","개수: 2박스 + 5ea","빠른 배송 아주 좋아요","5","gg****","2022-09-17T13:51:06.690+00:00",""
"4080294871","6626491508","6594906249","더폴슨 강아지 종합영양제 2BOX 영양 간식 애견 노견 노령견 관절 눈물자국 심장 영양제 비타민","개수: 2박스 + 5ea","처음 먹이고부터 기호성도 뛰어나고
아이들 배변상태가 너무 양호해요!
면역에 좋을거라 생각되어서 선택했고 재구매했어요","5","dusd******","2022-09-07T13:11:08.572+00:00","&https://phinf.pstatic.net/checkout.phinf/20220907_196/1662556257979fz1Fu_JPEG/1662556239468.jpg&"
"4077594008","6626491508","6594906249","더폴슨 강아지 종합영양제 2BOX 영양 간식 애견 노견 노령견 관절 눈물자국 심장 영양제 비타민","개수: 2박스 + 5ea","아주 아주 마음에 듭니다
굿","4","ro****","2022-09-03T12:25:36.885+00:00",""
"4073929986","6626491508","6594906249","더폴슨 강아지 종합영양제 2BOX 영양 간식 애견 노견 노령견 관절 눈물자국 심장 영양제 비타민","개수: 2박스 + 5ea","강아지가 잘먹어요
유통기한때문에 추가 구매 못하고 있는데 빨리 새 제품 생산되면 좋겠습니다","5","lyur******","2022-08-29T13:09:10.299+00:00","&https://phinf.pstatic.net/checkout.phinf/20220829_141/1661778521375LlONs_JPEG/A1591042-2DCC-4BF7-B6B5-A70264CF5763.jpeg&"
"4061645150","6626491508","6594906249","더폴슨 강아지 종합영양제 2BOX 영양 간식 애견 노견 노령견 관절 눈물자국 심장 영양제 비타민","개수: 2박스 + 5ea","저희 반려견들이 잘 먹어서 구매했어요~","5","kong*****","2022-08-11T05:09:20.791+00:00","&https://phinf.pstatic.net/checkout.phinf/20220811_72/1660194548070531fS_JPEG/28691E3A-6D02-4033-A4B1-D4E994EA11F0.jpeg&"
"4060893744","6626491508","6594906249","더폴슨 강아지 종합영양제 2BOX 영양 간식 애견 노견 노령견 관절 눈물자국 심장 영양제 비타민","개수: 2박스 + 5ea","잘먹어요 무엇보다 종합영양제라  따로따로 안먹여서 좋네요","5","dlqh*******","2022-08-10T05:46:54.181+00:00",""
"4056199246","6626491508","6594906249","더폴슨 강아지 종합영양제 2BOX 영양 간식 애견 노견 노령견 관절 눈물자국 심장 영양제 비타민","개수: 2박스 + 5ea","이것만 먹어요 아주 잘먹고 2일 똥못싸다가 한개 먹으니 바로 봣어여 아주 좋습니다","5","ro****","2022-08-03T06:05:06.408+00:00",""
"4054624196","6626491508","6594906249","더폴슨 강아지 종합영양제 2BOX 영양 간식 애견 노견 노령견 관절 눈물자국 심장 영양제 비타민","개수: 2박스 + 5ea","울애기가 너무너무 잘먹어요 ㅎㅎ 두박스나 구입했는데 안먹으면 어쩌나 걱정했었거든요.이거 먹고 눈물자국이 빨리 없어졌으면 좋겠어요^^","5","pi20****","2022-08-01T01:11:13.040+00:00",""
"4052561874","6626491508","6594906249","더폴슨 강아지 종합영양제 2BOX 영양 간식 애견 노견 노령견 관절 눈물자국 심장 영양제 비타민","개수: 2박스 + 5ea","10살 노견이라 평소보다 조금만 더 오래 산책해도 확 티가 나는데 확실히 효과 있네요. 심장병도 있고 자궁쪽도 안 좋고 피부도 안 좋아서 항상 걱정이 많은데 이거 먹이고나서 가끔씩 3살 4살때 모습을 보이고 더 잘 웃고 기분이 너무 좋습니다. 10년전 3월에 손바닥만할 때 데려왔는데 그 시절로 돌아가고 싶네요.","5","clev********","2022-07-28T12:25:21.308+00:00","&https://phinf.pstatic.net/checkout.phinf/20220728_6/1659010885128oIryK_JPEG/1652437341990.jpg&,&https://phinf.pstatic.net/checkout.phinf/20220728_30/1659010892150x7gDh_JPEG/20220628_100618.jpg&,&https://phinf.pstatic.net/checkout.phinf/20220728_164/1659010893218ig5Ds_JPEG/20220628_100626.jpg&,&https://phinf.pstatic.net/checkout.phinf/20220728_43/1659010951740G5sHF_JPEG/1655956671917.jpg&"
"4042048555","6626491508","6594906249","더폴슨 강아지 종합영양제 2BOX 애견 노견 노령견 관절 눈물자국 심장 영양제 비타민","개수: 2박스 + 5ea","아기가 간식인줄알고 잘먹어요","5","dlpw*****","2022-07-13T13:19:12.270+00:00",""
"4033517839","6626491508","6594906249","더폴슨 강아지 종합영양제 2BOX 영양 간식 애견 노견 노령견 관절 눈물자국 심장 영양제 비타민","개수: 2박스 + 5ea","사람처럼 한번에 챙길수 있는 종합영양제를 찾고있었는데 유투브를 보다 알게되어 구매하게 되었어요 영양제를 간식처럼 줄 수 있어서 다이어트 중인 저희 아이한테 너무 좋더라구요! ㅎㅎ 그리고 너무 너무 잘먹고 좋아해요 우선 두달분 구매하였는데 다 먹이고 추가 구매할 예정입니당 ^~^ 한 제품으로 다 챙길수 있어서 너무 편리한거 같아용!!","5","dlgo******","2022-07-01T17:19:26.324+00:00","&https://phinf.pstatic.net/checkout.phinf/20220702_151/1656695666287nshVr_JPEG/0FB24CF0-F1B9-48E3-B94D-019C5FF74F87.jpeg&,&https://phinf.pstatic.net/checkout.phinf/20220702_39/1656695668171x2xdD_JPEG/D7AB12B0-DDFA-4664-8477-E2EE488FAC4C.jpeg&,&https://phinf.pstatic.net/checkout.phinf/20220702_69/1656695670389b1HRt_JPEG/D56FE940-C97E-4A09-935D-3EBBD8F69A5A.jpeg&,&https://phinf.pstatic.net/checkout.phinf/20220702_229/1656695668088Qj2FA_JPEG/C1F8D876-7EF7-4C5B-BBFD-90CA18940F76.jpeg&,&https://phinf.pstatic.net/checkout.phinf/20220702_177/1656695668136Qy5f1_JPEG/87E1668B-9883-4384-9FB5-45CD08885328.jpeg&"
"4028350749","6626491508","6594906249","더폴슨 강아지 종합영양제 2BOX 영양 간식 애견 노견 노령견 관절 눈물자국 심장 영양제 비타민","개수: 2박스 + 5ea","10살 여자얜데 노령견이다보니 심장이 안 좋아서 부정맥도 심하고 뇌로 혈액공급이 원활하지가 않아서 가끔씩 마비온 것마냥 못 움직이고 덜덜 떨고 주저앉고 마음이 편치 않네요. 15년 넘게 알고지낸 동물병원하는 분이 백날 수술하고 약 먹어도 소용없다고 돈만 깨지고 가슴만 아프고 수술과정에서 죽는 경우도 많아서 동의서쓰는거고 끝나도 수술부작용도 있어서 실제 수명엔 하등 영향없고 어짜피 다 복불복이니 걍 잘해주라해서 영양제라도 사주자란 심정으로 사봤습니다. 얘 떠나면 두 번 다시 동물 안 키울려구요. 아기때 젖도 못 떼고 저한테 와서 10년간 자식마냥 지극정성으로 돌봤는데 시간 참 빠르네요. 
10년간 집사람도 만나고 집도 사고 결혼도 하고 정말 많은 일들이 있었는데 항상 옆에서 같이 있어준 아이라 가슴이 먹먹합니다.","5","clev********","2022-06-24T11:06:00.681+00:00","&https://phinf.pstatic.net/checkout.phinf/20220624_245/1656068627123UfCp6_JPEG/review-attachment-cf983098-bee6-49e4-a5d7-baeb269d618a.jpeg&,&https://phinf.pstatic.net/checkout.phinf/20220624_230/1656068628026cHj2S_JPEG/review-attachment-a2dd468f-db77-4a8d-9daa-808af8dcf52e.jpeg&,&https://phinf.pstatic.net/checkout.phinf/20220624_156/1656068629835e9HiD_JPEG/review-attachment-c234f44f-654b-4855-9a02-774356ec0048.jpeg&,&https://phinf.pstatic.net/checkout.phinf/20220624_291/1656068632837HvkwC_JPEG/review-attachment-03227aa3-28da-46e9-9e9f-22addefa7e58.jpeg&,&https://phinf.pstatic.net/checkout.phinf/20220624_47/1656068643527YIijA_JPEG/review-attachment-e0f07caf-4e58-401c-b507-12a4c2e00982.jpeg&"
"4015344404","6626491508","6594906249","더폴슨 강아지 종합영양제 2BOX 영양 간식 애견 노견 노령견 관절 눈물자국 심장 영양제 비타민","개수: 2박스 + 5ea","강쥐가 넘 잘먹어요. 한번에 다양한 영양소를 공급해줄 수 있어서 좋아요","5","pbax******","2022-06-07T04:54:44.182+00:00","&https://phinf.pstatic.net/checkout.phinf/20220607_26/1654577674727VTWmH_JPEG/review-attachment-bb91cb77-f560-4afe-871d-11854988ef9c.jpeg&"
"4014271840","6626491508","6594906249","더폴슨 강아지 종합영양제 2BOX 영양 간식 애견 노견 노령견 관절 눈물자국 심장 영양제 비타민","개수: 2박스 + 5ea","기호성 좋고 변상태도 좋아요
영양제 여러개 안먹어도 되서 좋습니다","5","lyur******","2022-06-05T10:09:42.811+00:00","&https://phinf.pstatic.net/checkout.phinf/20220605_147/1654423747017u1XUe_JPEG/review-attachment-52ed4cc1-8765-4fe4-9f33-b0dfc5cfd7fb.jpeg&"
"3431726693","6626491508","6594906249","더폴슨 강아지 종합영양제 2BOX 애견 노견 노령견 관절 눈물자국 심장 영양제 비타민","개수: 2박스 + 15ea","세박스째 잘 먹고있습니다","5","cats***","2022-05-14T12:59:55.825+00:00","&https://phinf.pstatic.net/checkout.phinf/20220514_279/1652533183274fAxy9_JPEG/review-attachment-8da658a0-bcfe-4e06-830b-6e0b2adfb8d1.jpeg&"
"3431640669","6626491508","6594906249","더폴슨 강아지 종합영양제 2BOX 애견 노견 노령견 관절 눈물자국 심장 영양제 비타민","개수: 2박스 + 15ea","강아지가 스켈링 후 말랑말랑한 것을 찾고있었는데
간식으로 줄수있는 영양제라니..
백호인스타보고 믿고 구매했어요
오자마자 한 개줬는데 까탈스런 울집 개린이
너무 잘먹네요  꾸준히 먹여볼생각이에요~^^","5","duck****","2022-05-14T10:24:05.816+00:00",""
"4436325985","6342362147","6312199471","온누리약국개발 더폴슨 강아지 종합영양제 3BOX 영양 간식 애견 노견 노령견 관절 심장 영양제 비타민","개수: 3박스 + 10ea","오랫동안 먹는영양제인데 너무잘먹고 허리아파하던 우리레오가 잘걷고 있어요 정말 좋은거 같아요","5","em****","2024-03-03T15:19:12.539+00:00","&https://phinf.pstatic.net/checkout.phinf/20240304_233/1709479142814S9VQy_JPEG/1000030516.jpg&"
"4420754697","6342362147","6312199471","더폴슨 강아지 종합영양제 3박스 노령견 호흡기 심장 기관지","개수: 3박스 + 10ea","강아지가 잘 먹어요 좋아요","5","1234*****","2024-02-05T02:42:18.178+00:00",""
"4411403940","6342362147","6312199471","온누리약국개발 더폴슨 강아지 종합영양제 3박스 노령견 호흡기 심장 기관지","개수: 3박스 + 10ea","입 짧은 아이도 잘 먹을만큼 기호성이 좋아요! 두 번째 구매인데 아마 꾸준히 구매할 듯 합니다❤️","5","swee********","2024-01-21T03:07:05.355+00:00","&https://phinf.pstatic.net/checkout.phinf/20240121_138/1705806399668pvpqL_JPEG/image.jpg&"
"4404381459","6342362147","6312199471","온누리약국개발 더폴슨 강아지 종합영양제 3박스 노령견 호흡기 심장 기관지","개수: 3박스 + 10ea","기호성 너무 좋고 이것만 먹이게 되네요","5","qjxj*******","2024-01-10T00:23:26.115+00:00","&https://phinf.pstatic.net/checkout.phinf/20240110_175/1704846200056VwgrI_JPEG/1704846188709.jpg&"
"4400847689","6342362147","6312199471","더폴슨 강아지 종합영양제 3박스 노령견 호흡기 심장 기관지","개수: 3박스 + 10ea","잘 먹어요 효과가 좋았으면 좋겠어요","5","1234*****","2024-01-04T05:36:11.148+00:00",""
"4400310924","6342362147","6312199471","더폴슨 강아지 종합영양제 3박스 노령견 호흡기 심장 기관지","개수: 3박스 + 10ea","항상 먹이는 영양제에요 감사히 잘먹겠습니다.","5","hurj*****","2024-01-03T10:17:57.010+00:00",""
"4384040555","6342362147","6312199471","더폴슨 강아지 종합영양제 3BOX 영양 간식 애견 노견 노령견 관절 눈물자국 심장 영양제 비타민","개수: 3박스 + 10ea","종합영양제라서 이거만 챙겨줘도 충분하고 기호성 좋아서 너무 편하게 먹이고 있습니다.","5","only*****","2023-12-07T02:33:00.828+00:00","&https://phinf.pstatic.net/checkout.phinf/20231207_17/1701916375653xmvjN_JPEG/1000005332.jpg&"
"4373221233","6342362147","6312199471","더폴슨 강아지 종합영양제 3BOX 영양 간식 애견 노견 노령견 관절 눈물자국 심장 영양제 비타민","개수: 3박스 + 10ea","아이들이 엄청 잘 먹어요 영양젠데 간식처럼 잘 먹어요","5","bohe****","2023-11-20T09:33:05.142+00:00","&https://phinf.pstatic.net/checkout.phinf/20231120_186/17004727669249gfXa_JPEG/image.jpg&"
"4372412444","6342362147","6312199471","더폴슨 강아지 종합영양제 3BOX 영양 간식 애견 노견 노령견 관절 눈물자국 심장 영양제 비타민","개수: 3박스 + 10ea","1년 이상 먹이고 있습니다 엄청잘먹고 저희 강아지도 좋아해요","5","skck*******","2023-11-19T02:34:28.514+00:00","&https://phinf.pstatic.net/checkout.phinf/20231119_252/1700361258179cgErd_JPEG/1000006683.jpg&"
"4365606880","6342362147","6312199471","더폴슨 강아지 종합영양제 3BOX 영양 간식 애견 노견 노령견 관절 눈물자국 심장 영양제 비타민","개수: 3박스 + 10ea","우리집 상전에게 1년이상 꾸준히 먹이고 있습니다.
영양제 성분이 좋아서 그런지 잔병이 안나는거 같아요.","5","only*****","2023-11-08T08:58:23.441+00:00","&https://phinf.pstatic.net/checkout.phinf/20231108_52/16994338983225LFkk_JPEG/1000004809.jpg&"
"4353030817","6342362147","6312199471","더폴슨 강아지 종합영양제 3BOX 영양 간식 애견 노견 노령견 관절 눈물자국 심장 영양제 비타민","개수: 3박스 + 10ea","거의 1년동안 먹이고 있는 것 같습니다. 아직까지 별다르게 아픈 곳이 없어요. 골든리트리버고 11살 되었는데 아직까지 정정합니다.","5","skck*******","2023-10-19T08:13:35.749+00:00",""
"4345434320","6342362147","6312199471","더폴슨 강아지 종합영양제 3BOX 영양 간식 애견 노견 노령견 관절 눈물자국 심장 영양제 비타민","개수: 3박스 + 10ea","우리 멍멍이가 제일 좋아하는 영양제겸 간식이에요!
가지러만 가도 난리가 나요","5","qjxj*******","2023-10-08T03:40:40.766+00:00","&https://phinf.pstatic.net/checkout.phinf/20231008_42/1696736414456d5n5M_JPEG/1696736404451.jpg&"
"4333684204","6342362147","6312199471","더폴슨 강아지 종합영양제 3BOX 영양 간식 애견 노견 노령견 관절 눈물자국 심장 영양제 비타민","개수: 3박스 + 10ea","저희집 아이가 좋아해서 주기적으로 삽니다. 
샘플 급여분생각해서 사던곳에서 샀는데 이번에는 샘플없이 3상자만왔습니다,그냥 다른데서 싸게 살수있음 거기서 사세요","4","xiln***","2023-09-16T07:34:49.209+00:00",""
"4329949812","6342362147","6312199471","더폴슨 강아지 종합영양제 3BOX 영양 간식 애견 노견 노령견 관절 눈물자국 심장 영양제 비타민","개수: 3박스 + 10ea","우리강아지가 아주 좋아해서 떨어지기전에 주문합니다","5","psal*****","2023-09-11T01:55:25.967+00:00","&https://phinf.pstatic.net/checkout.phinf/20230911_153/1694397319962jHsKM_JPEG/1694397304726.jpg&"
"4323666949","6342362147","6312199471","더폴슨 강아지 종합영양제 3BOX 영양 간식 애견 노견 노령견 관절 눈물자국 심장 영양제 비타민","개수: 3박스 + 10ea","집 강아지 영양제는 더폴슨으로 정착한 지 오래 됨 걍 이것저것 먹이는 것보다 간편하고 얘가 맛있는지 먹을때 보면 간식먹는것처럼 먹어가지고 좀 귀여움","5","sohe****","2023-09-01T04:36:57.886+00:00",""
"4312839909","6342362147","6312199471","더폴슨 강아지 종합영양제 3BOX 영양 간식 애견 노견 노령견 관절 눈물자국 심장 영양제 비타민","개수: 3박스 + 10ea","우리강아지가 좋아하구 잘먹어요~^^","5","psal*****","2023-08-16T07:20:12.684+00:00","&https://phinf.pstatic.net/checkout.phinf/20230816_193/1692170406992baqN4_JPEG/1692170391552.jpg&"
"4281276835","6342362147","6312199471","더폴슨 강아지 종합영양제 3BOX 영양 간식 애견 노견 노령견 관절 눈물자국 심장 영양제 비타민","개수: 3박스 + 10ea","영양제는 이거하나러 끝납니다~","5","hurj*****","2023-06-27T10:19:21.149+00:00",""
"4276976562","6342362147","6312199471","더폴슨 강아지 종합영양제 3BOX 영양 간식 애견 노견 노령견 관절 눈물자국 심장 영양제 비타민","개수: 3박스 + 10ea","더폴슨 꾸준히 복용하다가 얼마전에 건강검진 받았는데 건강상태가 너무 좋게 나왔네요.
강아지 건강 관리에 꼭 추천합니다.","5","only*****","2023-06-20T13:46:13.616+00:00","&https://phinf.pstatic.net/checkout.phinf/20230620_149/1687268768497RwbWv_JPEG/20230607_101658.jpg&,&https://phinf.pstatic.net/checkout.phinf/20230620_53/16872687684935tPxl_JPEG/20230620_224146.jpg&"
"4261253027","6342362147","6312199471","더폴슨 강아지 종합영양제 3BOX 영양 간식 애견 노견 노령견 관절 눈물자국 심장 영양제 비타민","개수: 3박스 + 10ea","아팠던 아이라 영양제 하나 고르는 것도 참 신경이 믾이 쓰입니다. 
급여후 피검사상 이상도 없고 수치도 다 정상유지중이라 꾸준히 급여중입니다. 
먹고 오래오래 건강했음 함께 시간 많이 보냈음 좋겠어요","5","hmi5***","2023-05-28T01:13:40.846+00:00","&https://phinf.pstatic.net/checkout.phinf/20230528_274/1685236415527cyusF_JPEG/BCEAEFE5-C750-4BC5-AD54-66A18616C523.jpeg&"
"4257858962","6342362147","6312199471","더폴슨 강아지 종합영양제 3BOX 영양 간식 애견 노견 노령견 관절 눈물자국 심장 영양제 비타민","개수: 3박스 + 10ea","일단 저희집 아기가 좋아해요..너무 너무..정말환장을 해요...없으면 아주 슬퍼합니다 이모가 계속 사줄께 먹고 건강만하자","5","xiln***","2023-05-23T01:11:00.993+00:00","&https://phinf.pstatic.net/checkout.phinf/20230523_217/1684804245493EWvUC_JPEG/1684326335903.jpg&"
"4256016489","6342362147","6312199471","더폴슨 강아지 종합영양제 3BOX 영양 간식 애견 노견 노령견 관절 눈물자국 심장 영양제 비타민","개수: 3박스 + 10ea","우리 둥이가 더폴슨 꾸준히 섭취하고나서 잔병치레도 없어지고 확실히 건강에 큰도움 되는듯합니다!","5","only*****","2023-05-19T15:46:48.240+00:00","&https://phinf.pstatic.net/checkout.phinf/20230520_140/1684511187209Sz5Gd_JPEG/20230421_152734.jpg&"
"4253570597","6342362147","6312199471","더폴슨 강아지 종합영양제 3BOX 영양 간식 애견 노견 노령견 관절 눈물자국 심장 영양제 비타민","개수: 3박스 + 10ea","이건 말할필요없어요ㅎㅎ
허리아파서 걷지도 못했는데 영양제먹고 다시 활발해졌어요 진짜 너무 좋아서 홍보도 엄청했어요 1년째 먹이고 있구요 항상 더폴슨에 감사하고 있어요","5","em****","2023-05-16T11:41:38.031+00:00","&https://phinf.pstatic.net/image.nmv/shopnbuyer_2023_05_16_0/5d9442ae-f3de-11ed-98d6-505dac8c381b_03.jpg&"
"4246107470","6342362147","6312199471","더폴슨 강아지 종합영양제 3BOX 영양 간식 애견 노견 노령견 관절 눈물자국 심장 영양제 비타민","개수: 3박스 + 10ea","우리 강아지가 아주 좋아합니ㅏ~","5","psal*****","2023-05-05T10:04:27.224+00:00","&https://phinf.pstatic.net/checkout.phinf/20230505_29/1683281062091GvMUG_JPEG/1683281054831.jpg&"
"4239467715","6342362147","6312199471","더폴슨 강아지 종합영양제 3BOX 영양 간식 애견 노견 노령견 관절 눈물자국 심장 영양제 비타민","개수: 3박스 + 10ea","늘 잘먹어요. 몸에도 잘 맞나봐요. 1년간 매일 하루 1개먹여요. 18세노견인데 이것때문인지 알순없지만 건강검진에 영양상태 정상범위 잘나왔어요.","5","mile***","2023-04-25T11:39:14.584+00:00",""
"4231223707","6342362147","6312199471","더폴슨 강아지 종합영양제 3BOX 영양 간식 애견 노견 노령견 관절 눈물자국 심장 영양제 비타민","개수: 3박스 + 10ea","하나로 끝나는 종합영양제라 항상 시켜먹습니다. 할인도 자주 들어가구요.  세트로사서 나눠먹기도 좋습니다.","5","hurj*****","2023-04-13T12:29:54.442+00:00",""
"4229857359","6342362147","6312199471","더폴슨 강아지 종합영양제 3BOX 영양 간식 애견 노견 노령견 관절 눈물자국 심장 영양제 비타민","개수: 3박스 + 10ea","아기때부터 먹여서인지 어디 크게 아픈곳도 없고 워낙 간식처럼 잘먹는 믿고먹이는 영양제입니다","5","mong********","2023-04-11T22:29:36.914+00:00",""
"4225420845","6342362147","6312199471","더폴슨 강아지 종합영양제 3BOX 영양 간식 애견 노견 노령견 관절 눈물자국 심장 영양제 비타민","개수: 3박스 + 10ea","우리강아지가 참 좋아해서 떨어지지않게 주문하고있어요~","5","psal*****","2023-04-05T11:29:04.905+00:00","&https://phinf.pstatic.net/checkout.phinf/20230405_149/1680694137210gXqdG_JPEG/1680694119483.jpg&"
"4207192303","6342362147","6312199471","더폴슨 강아지 종합영양제 3BOX 영양 간식 애견 노견 노령견 관절 눈물자국 심장 영양제 비타민","개수: 3박스 + 10ea","우리 둥이한테 기호성 좋고 먹은 이후로 잔병치레없이 잘지내고 있어요.","5","only*****","2023-03-10T06:34:59.469+00:00","&https://phinf.pstatic.net/checkout.phinf/20230310_139/16784300934131fqq0_JPEG/20230114_175430.jpg&"
"4201037610","6342362147","6312199471","더폴슨 강아지 종합영양제 3BOX 영양 간식 애견 노견 노령견 관절 눈물자국 심장 영양제 비타민","개수: 3박스 + 10ea","벌써 두번째 시켜요
잘 부탁드려요
서비스 넉넉 감사합니다","5","9441****","2023-03-02T05:26:32.172+00:00",""
"4198981727","6342362147","6312199471","더폴슨 강아지 종합영양제 3BOX 영양 간식 애견 노견 노령견 관절 눈물자국 심장 영양제 비타민","개수: 3박스 + 10ea","견주분 소개로 먹게된 영양제입니다. 무엇보다 강쥐 기호성이 좋아요. ㅡ칭찬트릿으로 쓸 정도랍니다.  아직 생후 1살 어린강아지라 현재까지 별다른 건강문제는 없어 영양제 먹은 비포애프터를 비교하긴 어렵지만 ^^;; 사람들 종합영양제 꾸준히 먹듯 하루 1개 주려고 해요.","5","ullm********","2023-02-27T01:00:49.509+00:00",""
"4192460533","6342362147","6312199471","더폴슨 강아지 종합영양제 3BOX 영양 간식 애견 노견 노령견 관절 눈물자국 심장 영양제 비타민","개수: 3박스 + 10ea","늘 먹던 영양제에요 떨어져서 재구매합니다 우리강지에게 좋을듯해요","5","ms****","2023-02-17T07:30:50.564+00:00","&https://phinf.pstatic.net/checkout.phinf/20230217_289/1676619040010TowQA_JPEG/4798D8ED-9241-4B75-8FBA-E15685D7E8D8.jpeg&,&https://phinf.pstatic.net/checkout.phinf/20230217_225/1676619041711uUC6u_JPEG/0083DF8A-AD04-4C1B-9E21-342644FE6648.jpeg&,&https://phinf.pstatic.net/checkout.phinf/20230217_150/1676619042069tBIE8_JPEG/93E15400-7257-4C41-815C-06148F0D26C2.jpeg&,&https://phinf.pstatic.net/checkout.phinf/20230217_256/1676619042238RIXRU_JPEG/6D0ED274-F162-4754-B286-B655A2D66C7F.jpeg&"
"4191040393","6342362147","6312199471","더폴슨 강아지 종합영양제 3BOX 영양 간식 애견 노견 노령견 관절 눈물자국 심장 영양제 비타민","개수: 3박스 + 10ea","우리 둥이가 이 영양제 꾸준히 섭취 이후로 잔병치레 없고 평소와 비슷한 운동량이여도 근육이 더 잘붙은거 같아요.","5","only*****","2023-02-15T11:47:18.214+00:00","&https://phinf.pstatic.net/checkout.phinf/20230215_30/1676461586680ar677_JPEG/20230114_175430.jpg&"
"4184408188","6342362147","6312199471","더폴슨 강아지 종합영양제 3BOX 영양 간식 애견 노견 노령견 관절 눈물자국 심장 영양제 비타민","개수: 3박스 + 10ea","간식처럼 먹일 수 있어서 좋아요
기호성도 좋고 먹이기 편해요
꾸준히 먹어서 건강에 도움되었으면 좋겠어요","5","heav*****","2023-02-06T12:47:03.109+00:00","&https://phinf.pstatic.net/checkout.phinf/20230206_75/1675687602429qaKzt_JPEG/image.jpg&"
"4179196348","6342362147","6312199471","더폴슨 강아지 종합영양제 3BOX 영양 간식 애견 노견 노령견 관절 눈물자국 심장 영양제 비타민","개수: 3박스 + 10ea","또 구매 했습니다 너무 잘먹었습니다 감사합니다","5","fox6***","2023-01-30T11:37:41.134+00:00",""
"4177114648","6342362147","6312199471","더폴슨 강아지 종합영양제 3BOX 영양 간식 애견 노견 노령견 관절 눈물자국 심장 영양제 비타민","개수: 3박스 + 10ea","강아지들이 좋아해요","5","dnwn*****","2023-01-27T12:56:27.996+00:00",""
"4175410407","6342362147","6312199471","더폴슨 강아지 종합영양제 3BOX 영양 간식 애견 노견 노령견 관절 눈물자국 심장 영양제 비타민","개수: 3박스 + 10ea","재구매 했습니다 강아지가 너무 좋아해요","5","fox6***","2023-01-25T08:51:28.756+00:00",""
"4175407915","6342362147","6312199471","더폴슨 강아지 종합영양제 3BOX 영양 간식 애견 노견 노령견 관절 눈물자국 심장 영양제 비타민","개수: 3박스 + 10ea","또 또 재구매 합니다.","5","fox6***","2023-01-25T08:46:55.138+00:00",""
"4172107243","6342362147","6312199471","더폴슨 강아지 종합영양제 3BOX 영양 간식 애견 노견 노령견 관절 눈물자국 심장 영양제 비타민","개수: 3박스 + 10ea","저번에 먹이구 재구매했어요!! 껌처럼 생겨서 잘먹고 좋아요!","5","home***","2023-01-18T10:30:46.811+00:00","&https://phinf.pstatic.net/checkout.phinf/20230118_121/16740378347550adal_JPEG/1674035917539.jpg&"
"4160984673","6342362147","6312199471","더폴슨 강아지 종합영양제 3BOX 영양 간식 애견 노견 노령견 관절 눈물자국 심장 영양제 비타민","개수: 3박스 + 10ea","시츄4마리너무잘먹어요
떨어지기전에 미리 쟁여놔요","5","jg****","2023-01-03T08:01:36.531+00:00","&https://phinf.pstatic.net/checkout.phinf/20230103_211/1672732860416SjJTg_JPEG/image.jpg&"
"4157397948","6342362147","6312199471","더폴슨 강아지 종합영양제 3BOX 영양 간식 애견 노견 노령견 관절 눈물자국 심장 영양제 비타민","개수: 3박스 + 10ea","배송 빠르고 꾸준히 먹이규 있습니다","5","ekth*****","2022-12-28T16:49:11.727+00:00",""
"4149331958","6342362147","6312199471","더폴슨 강아지 종합영양제 3BOX 영양 간식 애견 노견 노령견 관절 눈물자국 심장 영양제 비타민","개수: 3박스 + 10ea","두번째 구매를 했습니다 다음에도 또 구매 할게요","5","fox6***","2022-12-17T14:49:47.253+00:00",""
"4147798066","6342362147","6312199471","더폴슨 강아지 종합영양제 3BOX 영양 간식 애견 노견 노령견 관절 눈물자국 심장 영양제 비타민","개수: 3박스 + 10ea","계속잘먹고있어요
조슴비싸긴하지만&hellip;..","5","jg****","2022-12-15T13:24:42.095+00:00","&https://phinf.pstatic.net/checkout.phinf/20221215_61/1671110621703gyXGF_JPEG/image.jpg&"
"4144840468","6342362147","6312199471","더폴슨 강아지 종합영양제 3BOX 영양 간식 애견 노견 노령견 관절 눈물자국 심장 영양제 비타민","개수: 3박스 + 10ea","기호성이 좋아서 간식처럼 먹여요!","5","heav*****","2022-12-12T00:52:55.180+00:00",""
"4143216863","6342362147","6312199471","더폴슨 강아지 종합영양제 3BOX 영양 간식 애견 노견 노령견 관절 눈물자국 심장 영양제 비타민","개수: 3박스 + 10ea","간식처럼 잘 먹어서 재구매 했습니다","5","dlpw*****","2022-12-09T08:38:53.905+00:00",""
"4131871445","6342362147","6312199471","더폴슨 강아지 종합영양제 3BOX 영양 간식 애견 노견 노령견 관절 눈물자국 심장 영양제 비타민","개수: 3박스 + 10ea","저희강아지들이너무잘먹어요","5","jg****","2022-11-23T09:35:30.117+00:00","&https://phinf.pstatic.net/checkout.phinf/20221123_126/1669196121021q0GAo_JPEG/image.jpg&"
"4118729763","6342362147","6312199471","더폴슨 강아지 종합영양제 3BOX 영양 간식 애견 노견 노령견 관절 눈물자국 심장 영양제 비타민","개수: 3박스 + 10ea","배송이많이늦긴했지만 항상저희시츄4마리영양제먹는시간만기다리고있어요","5","jg****","2022-11-04T14:32:34.104+00:00","&https://phinf.pstatic.net/checkout.phinf/20221104_227/1667572346499HRnVz_JPEG/2FAFBBE1-B8B7-4153-B1B2-E1876F7CE794.jpeg&,&https://phinf.pstatic.net/checkout.phinf/20221104_51/1667572346426PvXqa_JPEG/7A297693-B413-4FA3-9BA3-7241C6D5B05B.jpeg&"
"4118720387","6342362147","6312199471","더폴슨 강아지 종합영양제 3BOX 영양 간식 애견 노견 노령견 관절 눈물자국 심장 영양제 비타민","개수: 3박스 + 10ea","우리 강아지가 이것만 먹어요 감사합니다","5","fox6***","2022-11-04T14:13:26.275+00:00",""
"4116181396","6342362147","6312199471","더폴슨 강아지 종합영양제 3BOX 영양 간식 애견 노견 노령견 관절 눈물자국 심장 영양제 비타민","개수: 3박스 + 10ea","너무 좋아요 케이스도이쁘고 알맞은 크기라 먹기좋아요","5","ssy9*****","2022-11-01T10:33:59.120+00:00","&https://phinf.pstatic.net/checkout.phinf/20221101_264/166729881596653T1f_JPEG/BBCBD50E-1AED-4C12-AED8-7BAB8BBCC298.jpeg&"
"4114895810","6342362147","6312199471","더폴슨 강아지 종합영양제 3BOX 영양 간식 애견 노견 노령견 관절 눈물자국 심장 영양제 비타민","개수: 3박스 + 10ea","계속 구매해서 댕댕이 먹이는 중입니다. 너무 잘먹고 털빛깔이 좋아져요","5","junb****","2022-10-30T12:07:45.167+00:00",""
"4112350063","6342362147","6312199471","더폴슨 강아지 종합영양제 3BOX 영양 간식 애견 노견 노령견 관절 눈물자국 심장 영양제 비타민","개수: 3박스 + 10ea","간식처럼 잘 먹습니닷!!
잘 먹고 계속 건강했으면 좋겠어요!","5","qjxj*******","2022-10-26T14:09:36.240+00:00","&https://phinf.pstatic.net/checkout.phinf/20221026_61/1666793366732J06G2_JPEG/20221026_225755.jpg&"
"4111891644","6342362147","6312199471","더폴슨 강아지 종합영양제 3BOX 영양 간식 애견 노견 노령견 관절 눈물자국 심장 영양제 비타민","undefined","조아요 배송 빠르고 상품도 좋아요ㅎ","5","wlsd*****","2022-10-26T04:39:26.524+00:00","&https://phinf.pstatic.net/checkout.phinf/20221026_187/1666759161559Km95q_JPEG/20220826_173104.jpg&"
"4111866819","6342362147","6312199471","더폴슨 강아지 종합영양제 3BOX 영양 간식 애견 노견 노령견 관절 눈물자국 심장 영양제 비타민","개수: 3박스 + 10ea","강아지가 입맛이 까다로운데 잘 먹어요! 모양도 껌처럼 생겨서 껌먹는거 좋아하는 강아지들한테 껌으로 속여서 주기에 좋아용","5","home***","2022-10-26T04:03:38.110+00:00","&https://phinf.pstatic.net/checkout.phinf/20221026_202/1666757014247vQEfY_JPEG/1666755177558.jpg&"
"4106776873","6342362147","6312199471","더폴슨 강아지 종합영양제 3BOX 영양 간식 애견 노견 노령견 관절 눈물자국 심장 영양제 비타민","undefined","양도 넉넉하구 계속 먹일 의향 있습니다","5","tang***","2022-10-19T03:45:39.346+00:00",""
"4085633762","6342362147","6312199471","더폴슨 강아지 종합영양제 3BOX 영양 간식 애견 노견 노령견 관절 눈물자국 심장 영양제 비타민","undefined","강아지 넷 키우는 
집으로 선물을 보냈습ㄴ다.
강아지들 자기전 영양제 먹이고 자는데
자기전 먹어야 될 껄 강아지들도
아는지 안 주면 난리 난다고합니다.
너무 맛있게 잘 먹는다고 합니다.
영양제 효과는 꾸준히 먹다보면 나타나겠죠?","5","jg****","2022-09-17T14:15:59.325+00:00",""
"4083308410","6342362147","6312199471","더폴슨 강아지 종합영양제 3BOX 영양 간식 애견 노견 노령견 관절 눈물자국 심장 영양제 비타민","undefined","조아요 배송빠르고 상품도 좋아요","5","wlsd*****","2022-09-14T14:36:01.305+00:00","&https://phinf.pstatic.net/checkout.phinf/20220914_82/1663166155434ov14F_JPEG/20220826_173104.jpg&"
"4068342083","6342362147","6312199471","더폴슨 강아지 종합영양제 3BOX 영양 간식 애견 노견 노령견 관절 눈물자국 심장 영양제 비타민","undefined","강아지 기호성이 좋아요","5","tang***","2022-08-21T12:10:03.866+00:00",""
"4063442955","6342362147","6312199471","더폴슨 강아지 종합영양제 3BOX 영양 간식 애견 노견 노령견 관절 눈물자국 심장 영양제 비타민","undefined","아기가 잘 먹어요 ㅎㅎ","5","ji****","2022-08-14T03:04:08.715+00:00",""
"4063201558","6342362147","6312199471","더폴슨 강아지 종합영양제 3BOX 영양 간식 애견 노견 노령견 관절 눈물자국 심장 영양제 비타민","undefined","강아지가 아주 잘먹어요 기호성 좋아요","5","jw12***","2022-08-13T10:59:01.528+00:00","&https://phinf.pstatic.net/checkout.phinf/20220813_26/1660388334647VLmzv_JPEG/image.jpg&"
"4051575765","6342362147","6312199471","더폴슨 강아지 종합영양제 3BOX 영양 간식 애견 노견 노령견 관절 눈물자국 심장 영양제 비타민","undefined","기호성이 아주 좋다고 하지만
저희 첫째(푸들)랑 둘째(시츄)는 안먹네요ㅜㅜ
막둥이는 잘 먹습니다.
지금 한달넘게 먹이는데
아직은 드라마틱한 효과는 없는거같지만
아무래도 영양제를 먹이는것이 더 좋겠지요^^
종합영양제라 상품자체로는 만족합니다!","4","jjzz*****","2022-07-27T06:56:28.875+00:00",""
"4050003224","6342362147","6312199471","더폴슨 강아지 종합영양제 3BOX 영양 간식 애견 노견 노령견 관절 눈물자국 심장 영양제 비타민","undefined","기호성도좋고~너무좋아요~~","5","icek***","2022-07-25T03:03:38.309+00:00","&https://phinf.pstatic.net/checkout.phinf/20220725_256/1658718213067rVKbk_JPEG/20220427_231610.jpg&,&https://phinf.pstatic.net/checkout.phinf/20220725_299/1658718213468Fj8zX_JPEG/20220427_231032.jpg&,&https://phinf.pstatic.net/checkout.phinf/20220725_38/1658718213840RlWEG_JPEG/20220428_220733.jpg&"
"4046163743","6342362147","6312199471","더폴슨 강아지 종합영양제 3BOX 영양 간식 애견 노견 노령견 관절 눈물자국 심장 영양제 비타민","undefined","별탈없이 잘먹고 있어요","4","soo7*****","2022-07-19T12:07:53.377+00:00",""
"4038944834","6342362147","6312199471","더폴슨 강아지 종합영양제 3BOX 영양 간식 애견 노견 노령견 관절 눈물자국 심장 영양제 비타민","undefined","감사합니다 배송도 빨라요","5","jeon********","2022-07-09T06:09:37.705+00:00",""
"4023474833","6342362147","6312199471","더폴슨 강아지 종합영양제 3BOX 영양 간식 애견 노견 노령견 관절 눈물자국 심장 영양제 비타민","undefined","잘먹네요..효과가 있길 바래봅니다","4","soo7*****","2022-06-17T13:55:26.041+00:00","&https://phinf.pstatic.net/checkout.phinf/20220617_135/1655474120704Ho5FI_JPEG/review-attachment-a64f5e2a-4f1b-4115-8d52-2d026790927e.jpeg&"
"4022859154","6342362147","6312199471","더폴슨 강아지 종합영양제 3BOX 영양 간식 애견 노견 노령견 관절 눈물자국 심장 영양제 비타민","undefined","종합영양제라고 하여 성분검토후 주문해보았습니다.기호성이 좋다고하던데 까탈스러운 첫째는 아예 안먹고ㅠ둘째는 잘먹네요^^
꾸준히 급여해보려구 해요.","5","jjzz*****","2022-06-17T00:28:52.827+00:00",""
"4019861352","6342362147","6312199471","더폴슨 강아지 종합영양제 3BOX 영양 간식 애견 노견 노령견 관절 눈물자국 심장 영양제 비타민","undefined","먹이고  좋아서 지인네 선물보냈어요~^^","5","icek***","2022-06-13T04:22:24.873+00:00","&https://phinf.pstatic.net/image.nmv/shopnbuyer_2022_06_13_0/6406ff07-ead0-11ec-b6ab-505dac8c38f5_03.jpg&"
"4019412676","6342362147","6312199471","더폴슨 강아지 종합영양제 3BOX 영양 간식 애견 노견 노령견 관절 눈물자국 심장 영양제 비타민","undefined","좋은데 기호성은 좀 떨어집니다.","3","wshi*****","2022-06-12T11:57:59.969+00:00","&https://phinf.pstatic.net/checkout.phinf/20220612_30/1655035073516qgK9v_JPEG/review-attachment-c5fe5f8e-0dad-418c-9522-4ee665506a01.jpeg&"
"4015762052","6342362147","6312199471","더폴슨 강아지 종합영양제 3BOX 영양 간식 애견 노견 노령견 관절 눈물자국 심장 영양제 비타민","undefined","너무 맛있게 먹어요 하루 한개 줘야하니 맘아프네요 잘먹어서 더주고 싶은데","5","tlsx*****","2022-06-07T20:04:43.040+00:00",""
"4014491503","6342362147","6312199471","더폴슨 강아지 종합영양제 3BOX 애견 노견 노령견 관절 눈물자국 심장 영양제 비타민","undefined","갱얼즤께서 매우 만족하고 좋아하심미다.","5","zzon******","2022-06-06T00:26:45.742+00:00",""
"3431419559","6342362147","6312199471","[오픈EVENT] 더폴슨 강아지 종합영양제 240g 1BOX","undefined","한달 넘어도 줄지않는 기호성....🤣
간식먹으려고 시키지 않아도 하우스로 갑니다 ㅋㅋㅋ","5","unit*****","2022-05-14T04:16:48.959+00:00","&https://phinf.pstatic.net/image.nmv/shopnbuyer_2022_05_14_0/8b84afd7-d33c-11ec-b8ef-d4f5ef5906a4_03.jpg&"
"3430270039","6342362147","6312199471","[오픈EVENT] 더폴슨 강아지 종합영양제 240g 1BOX","undefined","늘 먹이던거라 항상 여기서만시켜요","5","hyei*****","2022-05-12T12:14:53.209+00:00",""
"3422767366","6342362147","6312199471","[오픈EVENT] 더폴슨 강아지 종합영양제 240g 1BOX","undefined","저희집 댕댕이가 너무 잘먹어요!!","5","wows****","2022-05-02T00:24:54.379+00:00",""
"3418154705","6342362147","6312199471","[오픈EVENT] 더폴슨 강아지 종합영양제 240g 1BOX","undefined","기호성이 너무 너무 좋아요!","5","ruix****","2022-04-25T10:02:50.226+00:00",""
"3417653338","6342362147","6312199471","[오픈EVENT] 더폴슨 강아지 종합영양제 240g 1BOX","undefined","우리 아이가 정말 잘먹어요 기호성 너무 좋구요
종합영양제라 한가지로 많은 영양소를 챙겨줄수 있어서 좋아요
다 먹이고 추가주문하고 싶습니다","5","muge***","2022-04-24T14:49:24.111+00:00","&https://phinf.pstatic.net/checkout.phinf/20220424_28/1650811733908inOJo_JPEG/review-attachment-be8f218c-d423-464e-8b67-91e057ce5911.jpeg&"
"3415093720","6342362147","6312199471","[오픈EVENT] 더폴슨 강아지 종합영양제 240g 1BOX","undefined","우리집 강아지가 맛있게 먹고 있습니다 ㅋㅋ","5","mast****","2022-04-21T01:32:55.994+00:00",""
"3410801866","6342362147","6312199471","[오픈EVENT] 더폴슨 강아지 종합영양제 240g 1BOX","undefined","아직 먹인지 얼마 안되서 효과는 잘 모르겠지만 꾸준히 먹이면 효과가 있을거라 믿어요! 
일단 딱딱하지 않고 강아지가 잘먹어서 좋아요!","5","wjdd********","2022-04-15T00:26:48.097+00:00",""
"3407191261","6342362147","6312199471","[오픈EVENT] 더폴슨 강아지 종합영양제 240g 1BOX","undefined","강아지가 너무 잘 먹어요","5","tm****","2022-04-09T22:28:57.993+00:00","&https://phinf.pstatic.net/checkout.phinf/20220410_106/1649543332693KxyJd_JPEG/review-attachment-ad72c081-92f8-43cb-9973-082557d70f83.jpeg&,&https://phinf.pstatic.net/checkout.phinf/20220410_82/1649543332778n9ws7_JPEG/review-attachment-644ac562-7f93-4427-a06d-4274b0f29a8a.jpeg&,&https://phinf.pstatic.net/checkout.phinf/20220410_260/1649543332892PAmW4_JPEG/review-attachment-f3849e26-8352-4fe0-9bb2-f47bd33a209a.jpeg&"
"3399799602","6342362147","6312199471","[오픈EVENT] 더폴슨 강아지 종합영양제 240g 1BOX","undefined","배송좀느렸지만 잘먹어서 좋아요","5","hyei*****","2022-03-30T10:55:57.987+00:00",""
"3391638883","6342362147","6312199471","[오픈EVENT] 더폴슨 강아지 종합영양제 240g 1BOX","undefined","저희집 반려견이 나이가 있다보니 유산균부터 이것저것영양제먹였어요ㅠㅠ 매번 챙겨먹이기 힘들었는데 더폴슨 종합영양제라 하나만 먹으면 되니까 넘 편해요~ 성분도 좋고, 기호성 엄청 좋아요~~ 간식먹는듯 엄청 좋아해요! 패키지도 마음에 들고, 개별 포장이라 위생적이에요~^^ 냄새도 나쁘지않고 펠릿 타입으로 부드러워서 부담없이 먹을수있어요 ❤️ 하루 하나씩 더폴슨 꾸준히 먹고 건강지킬래요😘

[홍보를 위해 제품비용을 무료로 제공받고 작성한 리뷰입니다]","5","jynx****","2022-03-19T07:27:12.669+00:00","&https://phinf.pstatic.net/checkout.phinf/20220319_171/1647674821656J22Oc_JPEG/review-attachment-2466161d-7aae-455c-8832-893546a23bb2.jpeg&,&https://phinf.pstatic.net/checkout.phinf/20220319_240/1647674821696fhCpi_JPEG/review-attachment-f2bf1af1-00ce-475e-a817-f71c08f1f3a4.jpeg&,&https://phinf.pstatic.net/checkout.phinf/20220319_65/1647674821414O0oSu_JPEG/review-attachment-d7ed740d-774f-48e3-a3ad-e38c94d8abea.jpeg&,&https://phinf.pstatic.net/checkout.phinf/20220319_107/1647674821715kSzXz_JPEG/review-attachment-dcfdea90-eb9e-4712-b63a-46c50b9d33c9.jpeg&"
"3391101204","6342362147","6312199471","[오픈EVENT] 더폴슨 강아지 종합영양제 240g 1BOX","undefined","푸들여아5살입니다
영양제 찾다가 여러가지 먹이기 쉽지않아서 복합영양제 찾다가 더폴슨 찾았어요
강아지가 먹기좋게 냄시도 좋고
부드러워 씹기도좋아요
기호성은 최고 입니다♡","5","ac****","2022-03-18T12:44:43.167+00:00","&https://phinf.pstatic.net/checkout.phinf/20220318_109/1647607317901V8p9n_JPEG/review-attachment-45dc6924-da07-4667-99b3-283b25225156.jpeg&,&https://phinf.pstatic.net/checkout.phinf/20220318_141/1647607317711glhjj_JPEG/review-attachment-b7c497ec-b964-4c0e-af81-26027cd18cd3.jpeg&,&https://phinf.pstatic.net/checkout.phinf/20220318_177/1647607318343hso6c_JPEG/review-attachment-9b324f1b-7ceb-4b20-9d32-454ba5c3e96e.jpeg&,&https://phinf.pstatic.net/checkout.phinf/20220318_168/1647607318691reMEr_JPEG/review-attachment-01ced334-8275-401f-a81a-ee306d90701e.jpeg&,&https://phinf.pstatic.net/checkout.phinf/20220318_259/16476073190839yxRr_JPEG/review-attachment-3d1c90b8-cb82-4798-8012-11a333059d64.jpeg&,&https://phinf.pstatic.net/checkout.phinf/20220318_19/16476073198899h9WA_JPEG/review-attachment-b7a69e31-05cf-4be3-b51e-721a58b5aaee.jpeg&,&https://phinf.pstatic.net/checkout.phinf/20220318_60/1647607318871yxXWg_JPEG/review-attachment-7ba7b369-9c17-4537-acd4-b876f10287ff.jpeg&,&https://phinf.pstatic.net/checkout.phinf/20220318_37/1647607319871irkyn_JPEG/review-attachment-c208444b-8428-4ba5-865e-38efaf9c0e35.jpeg&,&https://phinf.pstatic.net/checkout.phinf/20220318_243/1647607320422PrY40_JPEG/review-attachment-81aaa609-85c7-4e63-aa0d-f37f9bb567b3.jpeg&,&https://phinf.pstatic.net/checkout.phinf/20220318_234/16476073207807vEGh_JPEG/review-attachment-0fbded83-50fb-417f-950f-1d398c61b438.jpeg&,&https://phinf.pstatic.net/checkout.phinf/20220318_81/1647607321023RGfQa_JPEG/review-attachment-dbc9afd7-cbb4-44fd-8f8a-6403031687a8.jpeg&,&https://phinf.pstatic.net/checkout.phinf/20220318_48/1647607322264rwSeh_GIF/review-attachment-e58435c5-aafe-44b3-8161-da03f6391a7b.gif&"
"3391072816","6342362147","6312199471","[오픈EVENT] 더폴슨 강아지 종합영양제 240g 1BOX","undefined","배송오자마자 바로 급여해봤습니다 
입맛이 까다로운 강아지라 안먹으면 어쩌지 고민했는데 정말 정말 잘먹어요 기호성이 매우 좋아요 간식 하나로 강아지에게 좋은 영양성분이 많이 들어있어서 매우 좋아요
다 먹고 추가주문하고싶네요","5","muge***","2022-03-18T12:03:53.747+00:00","&https://phinf.pstatic.net/checkout.phinf/20220318_84/1647605014238DwfeD_JPEG/review-attachment-7c589bed-8f14-4c55-9e7a-9526e5eaefe8.jpeg&,&https://phinf.pstatic.net/checkout.phinf/20220318_148/1647605021505yapFs_JPEG/review-attachment-6144ca78-d021-4e36-8dda-53f46ffc7118.jpeg&,&https://phinf.pstatic.net/checkout.phinf/20220318_60/1647605028076Jh6Pj_JPEG/review-attachment-1985a9d6-621c-466a-a7bd-d569d968bc71.jpeg&"
"3390811971","6342362147","6312199471","[오픈EVENT] 더폴슨 강아지 종합영양제 240g 1BOX","undefined","이제 1살된 믹스견인데 너무 잘먹습니다~ 
밥보다 더 좋아해요
은근 아픈데가 많아서 영양제 여러개를 챙겨먹었는데 한꺼번에 먹일 수 있어서 간편하고 좋네요!
패키지도 넘 귀엽구요 ㅎㅎ 추천합니다!","5","wate*******","2022-03-18T06:36:21.543+00:00","&https://phinf.pstatic.net/checkout.phinf/20220318_245/1647585121727hwPYu_JPEG/review-attachment-f2f69afe-f309-4857-9e72-0d4baad1360d.jpeg&,&https://phinf.pstatic.net/checkout.phinf/20220318_250/1647585141747tBSIy_JPEG/review-attachment-8fa359ff-39b7-4c25-8711-b75ea755fa00.jpeg&,&https://phinf.pstatic.net/image.nmv/shopnbuyer_2022_03_18_0/309e3af6-a685-11ec-8c0a-48df379ccacc_03.jpg&"
"3390464053","6342362147","6312199471","[오픈EVENT] 더폴슨 강아지 종합영양제 240g 1BOX","undefined","1년하고 3개월된 말티댕댕이 키우고 있습니다!!
얘는 입맛이 까다로워서 아무거나 잘 안먹어서 
유산균이니 뭐니 안먹는 영양제가 너무 많아서 
항상 살때 고민을 많이 하고 구입했는데.. 
와!! 더폴슨 제품은 진짜 잘먹네요!! 엄청맛있나봐요!
우선 배송이 정말 빨라서 놀랐구요! 
제품 패키지가 정말 고급져요!!
그리고 한개씩 개별 포장 되어있어서 
오래두고 먹여도 마음놓고 먹일 수있구요^^ 
무엇보다도 간식대용으로 줘도 될만큼 너무 잘먹으니까 뿌듯하네요^^ 
더달라고 계속 따라다니네요 ㅎ 
행사할때 구매 해 둬야겠네요^^ 너무 만족합니다~~

(홍보를 위해 제품비용을 무료로 제공받고 작성하였으나 솔직하게 남기는 후기입니다.)","5","wows****","2022-03-18T00:42:52.741+00:00","&https://phinf.pstatic.net/checkout.phinf/20220318_35/1647563631007SIBf9_JPEG/review-attachment-27da51bd-2e00-49d0-a494-9139faabbff9.jpeg&,&https://phinf.pstatic.net/checkout.phinf/20220318_118/1647563631156uIVrW_JPEG/review-attachment-40b2a6ff-3363-45c3-a82a-9d2ff8d0d9ac.jpeg&,&https://phinf.pstatic.net/checkout.phinf/20220318_132/1647563631261LEz9o_JPEG/review-attachment-754fd97e-552d-4fe7-b0e9-482933d4126a.jpeg&,&https://phinf.pstatic.net/checkout.phinf/20220318_158/1647563631497f1BOk_JPEG/review-attachment-512dd15b-b671-4647-a70d-c64ddbe81ef9.jpeg&,&https://phinf.pstatic.net/checkout.phinf/20220318_261/1647563631458D7Vyx_JPEG/review-attachment-3a14957f-9b19-4256-8d4d-2961b4916a6f.jpeg&,&https://phinf.pstatic.net/checkout.phinf/20220318_227/1647563631621gr2v4_JPEG/review-attachment-24e2f099-4179-4540-ab2b-8c25782994de.jpeg&,&https://phinf.pstatic.net/checkout.phinf/20220318_33/1647563631771tPlvU_JPEG/review-attachment-dcaa5687-ac44-4ab1-be9a-c5a6c810456e.jpeg&,&https://phinf.pstatic.net/checkout.phinf/20220318_77/1647563631953fc48U_JPEG/review-attachment-6e4ef2bd-2d05-4c3f-9855-469290627aa5.jpeg&"
"3389954827","6342362147","6312199471","[오픈EVENT] 더폴슨 강아지 종합영양제 240g 1BOX","undefined","활동량이 많은 허스키를 키우고 있어서 관절도 걱정되고 좋은 영양제 챙겨주고 싶은데, 저희 강아지가 닭알러지도 있어서 이 제품이 딱이다 싶었어요. 

기호성도 좋다던데, 아니나 다를까 까다로운 입맛의 소유자인 저희 강아지도 잘먹더라고요!!! 
한 개씩 개별 포장되어있어서 휴대성이 좋고, 위생적이라 더 마음에 들어요 ^^ 

견주 입장에서는 유효성분 함량도 모두 공개하고, 닭 알러지 있는 우리 강아지도 알러지 반응없이 잘 먹어서 안심하구 급여중이에요 ㅎㅎ 넘 만족!

- 홍보를 위해 제품비용을 무료로 제공받고 작성한 리뷰입니다. -","5","nbnb****","2022-03-17T07:21:37.564+00:00","&https://phinf.pstatic.net/checkout.phinf/20220317_10/1647500962980FS1kN_JPEG/review-attachment-83bcf058-87fc-4ad2-8d91-b69cb69a93ff.jpeg&,&https://phinf.pstatic.net/checkout.phinf/20220317_56/1647500962738FL4DX_JPEG/review-attachment-e6bbaa5f-a939-4d78-837b-df8df5ea340c.jpeg&,&https://phinf.pstatic.net/checkout.phinf/20220317_222/16475009634442ra8s_JPEG/review-attachment-e3503464-0100-4881-bcfd-0fb9a360e712.jpeg&"
"3389837025","6342362147","6312199471","[오픈EVENT] 더폴슨 강아지 종합영양제 240g 1BOX","undefined","패키지가 꼭 커피믹스 들어있을 것 같이 독특하고 고급졌어요. 강아지를 황제처럼 그려놓은게 만드신 분이 진짜 강아지를 좋아하고 위하는 마음이 느껴지네요~

낱개로 개별포장 되어있어서 강아지들이 몰래 다먹을 일도 없고 위생적으로 관리가 가능해요
냄새는 간식처럼 맛있는 냄새가 나서 강아지들이 약이라고 안먹을 일은 없을듯 해요!!

저희 집 강아지는 중견 닥스훈트라 관절에 특히나 조심해야해서 수제 상어연골 간식을 사맥이는데 너무 비싸기도하고ㅜ 구하기도 쉽지 않은데 관절건강에 좋은 상어연골이 들어가있어서 이제 별도의 간식들을 찾아다니지 않으려구요^^
또 프로바이오틱스를 별도로 급여해주고 있었는데 그것마저 들어있네요!

이것저것 구매할 필요없이 이 제품 단독으로 종합적인 관리가 가능해서 아직 증상이없는 질병들도 예방하기 좋아요 또 양이 많아서 한주먹 옆집 강아지한테도 가져다 주려구요~~

딱딱해보이지만 영양갱처럼 말랑 거려서 이가 안좋은 노령견 아이들도 섭취가 가능해요

매일 간식시간에 간식 대신 주고 있구요 유통기한이 1년 이상 넉넉하지만 꾸준히 주는게 중요하니 아끼지않고 매일 주려구요♡

(홍보를 위해 제품비용을 무료로 제공받았지만 솔직하게 작성하였습니다.)","5","joy7***","2022-03-17T05:04:32.613+00:00","&https://phinf.pstatic.net/checkout.phinf/20220317_172/1647491989744wfs9H_JPEG/review-attachment-5079d5f3-070a-4927-96e3-58ffe9d68eab.jpeg&,&https://phinf.pstatic.net/checkout.phinf/20220317_5/1647491990002drquV_JPEG/review-attachment-5c5dbbb9-5c44-47cb-bc87-80769c20c315.jpeg&,&https://phinf.pstatic.net/checkout.phinf/20220317_233/1647491989832uRxEa_JPEG/review-attachment-a2a24cd1-a92a-4ed7-92e6-099464e78928.jpeg&,&https://phinf.pstatic.net/checkout.phinf/20220317_160/1647491990277xHCz8_JPEG/review-attachment-0955dfbd-e6ec-47dd-9414-e38048cb82e5.jpeg&,&https://phinf.pstatic.net/checkout.phinf/20220317_52/1647491990413yKPO6_JPEG/review-attachment-7c1536e1-fbc0-4d31-a696-ea6e9b885b05.jpeg&"
"3389392651","6342362147","6312199471","[오픈EVENT] 더폴슨 강아지 종합영양제 240g 1BOX","undefined","패키지 디자인이 너무너무 고급스러워요!! 개별포장 되어있어서  하나씩 급여하기 간편하고 위생적이라 만족스럽습니다~~ 꾸준히 먹여봐야겠어요 감사합니다😊","5","unit*****","2022-03-16T12:53:49.335+00:00","&https://phinf.pstatic.net/checkout.phinf/20220316_86/1647434979251kTWlT_JPEG/review-attachment-dbaecaac-d702-4b33-be28-963e89f6b96c.jpeg&,&https://phinf.pstatic.net/checkout.phinf/20220316_271/1647434979261TfIqo_JPEG/review-attachment-83b141d3-2a86-4c9d-a241-d9a827e74253.jpeg&,&https://phinf.pstatic.net/checkout.phinf/20220316_175/1647434979465i2eEj_JPEG/review-attachment-78b3ac48-a596-414f-b8b2-e0e4f5d8d526.jpeg&,&https://phinf.pstatic.net/checkout.phinf/20220316_273/1647434979389u01FN_JPEG/review-attachment-d132fac5-8f8d-45d6-812f-db960a610898.jpeg&"
"3389177128","6342362147","6312199471","[오픈EVENT] 더폴슨 강아지 종합영양제 240g 1BOX","undefined","6살이 된 댕댕이들이라 건강을 생각해 이것저것 다 챙겨주다보니 번거롭고, 체중이 늘어서 지인 추천으로 종합 영양제가 있다그래서 바로 구매해봤어요.

가격대가 있는 편이지만, 한번에 챙길수 있는 영양제라 넘 간편하고요.

소포장으로 되어 있어 산책하러 갈때 한개씩 챙겨갈 수 있고, 소프트한 펠릿 형태라 가루날림없이 깔끔하게 떼어서 여러번 나눠먹이기도 너무 좋아요.

무엇보다 입 짧은 울 뽀시래기들이 환장하고 잘 먹어서 완젼 강추해요~!!","5","dani********","2022-03-16T09:04:21.463+00:00","&https://phinf.pstatic.net/checkout.phinf/20220316_121/1647421313535IxWd8_JPEG/review-attachment-3678d6bf-2bc3-4340-9ab8-14087bbdbe32.jpeg&,&https://phinf.pstatic.net/checkout.phinf/20220316_84/1647421366611yNWYF_JPEG/review-attachment-3365e1b7-60b6-4a1e-8d1a-b941db64a722.jpeg&,&https://phinf.pstatic.net/checkout.phinf/20220316_36/1647421379648uBwd0_JPEG/review-attachment-04966b2b-ea60-413e-80df-13e199bab23c.jpeg&,&https://phinf.pstatic.net/checkout.phinf/20220316_262/1647421387064K2ol6_JPEG/review-attachment-5115dbc4-cb6d-4d12-96bf-7e42eb11b97b.jpeg&,&https://phinf.pstatic.net/image.nmv/shopnbuyer_2022_03_16_0/e9b54dec-a507-11ec-8916-48df37ae3fca_03.jpg&"
"3386230781","6342362147","6312199471","[오픈EVENT] 더폴슨 강아지 종합영양제 240g 1BOX","undefined","상품홍보를 위해 무료로 증정받고 작성한 리뷰입니다. 

우리 감자 건강해지길 바라며 더폴슨에서 종합 영양제를 먹여봤어요. 9개월 비숑 감자는 뭐든 잘 먹긴 한데 또 은근 입맛이 까다로운 편이라 살짝 걱정했는데 잘 먹어요. 냄새가 약간 진한 초코? 냄새가 나는 느낌이긴 했어요. 성분이 알찰것 같다는 느낌을 많이 받았어요~","5","rheo*****","2022-03-12T11:17:57.108+00:00","&https://phinf.pstatic.net/checkout.phinf/20220312_192/1647083865202Nf9vB_JPEG/review-attachment-708bd2ea-dc50-4821-a0d1-062f1d3db496.jpeg&,&https://phinf.pstatic.net/checkout.phinf/20220312_300/1647083867684JEtq9_JPEG/review-attachment-11a63ca4-f0de-403d-9d81-98dbe5213f32.jpeg&,&https://phinf.pstatic.net/checkout.phinf/20220312_161/1647083867571udY0u_JPEG/review-attachment-52ea9d9e-5063-49c4-840e-65243088ffa2.jpeg&,&https://phinf.pstatic.net/checkout.phinf/20220312_297/16470838676981iYob_JPEG/review-attachment-c613e6e0-6315-4f74-ae9a-f36c6919e372.jpeg&,&https://phinf.pstatic.net/checkout.phinf/20220312_172/1647083867688ElGUL_JPEG/review-attachment-944e22a3-e0ad-4fd3-b6d2-1cc21ed4acb4.jpeg&"
"3386080575","6342362147","6312199471","[오픈EVENT] 더폴슨 강아지 종합영양제 240g 1BOX","undefined","고급스럽네요 기대됩니다~","5","kr****","2022-03-12T07:55:38.882+00:00","&https://phinf.pstatic.net/checkout.phinf/20220312_27/1647071684402SKm9M_JPEG/review-attachment-88fcd463-2b10-4092-b53b-b248c9ec8790.jpeg&"
"3385708538","6342362147","6312199471","[오픈EVENT] 더폴슨 강아지 종합영양제 240g 1BOX","undefined","입맛 까다로운 애긴데 너무 잘먹어요. 
하퍼는 아직 체중이 조금 3키로 미만인 아기강아지라서 케이스에 적힌대로 급여했습니다. 
개별 소포장인것도 너무 위생적이고 마음에드는데,
작게 쪼개주기도 편해요. 
소형 중형견이라면 꽤 오래 먹을수 있을것 같구요. 
저희 하퍼 보니까...
영양제인줄 아예 모르는것같아욬ㅋㅋ

완전히 간식이라고 믿고 있음. 맛있나봐유. 
간식이나 영양제 기호성 떨어지는 멈머이들한테 추천. 

잘먹게끔 만들어주셔서 감사합니다~","5","ybbb****","2022-03-11T18:15:15.042+00:00","&https://phinf.pstatic.net/checkout.phinf/20220312_158/1647022199832ichz3_JPEG/review-attachment-fca41fd8-f99a-435a-b58b-d618d56184a6.jpeg&,&https://phinf.pstatic.net/image.nmv/shopnbuyer_2022_03_12_0/8224d258-a166-11ec-a4b8-d4f5ef590144_03.jpg&,&https://phinf.pstatic.net/checkout.phinf/20220312_273/1647022200245zKsmL_JPEG/review-attachment-f659ebc6-80dd-4fb6-8fd6-dea84dd1ab78.jpeg&,&https://phinf.pstatic.net/checkout.phinf/20220312_261/1647022200881UwHpc_JPEG/review-attachment-28397fb8-81a8-4fc7-9837-6c875ee43d04.jpeg&,&https://phinf.pstatic.net/checkout.phinf/20220312_120/1647022200818b3rn9_JPEG/review-attachment-87b25911-4f7d-443f-812b-9c420c29e5f0.jpeg&,&https://phinf.pstatic.net/checkout.phinf/20220312_49/1647022203072yd5wY_JPEG/review-attachment-73da34d9-fb1e-426b-afab-eeecb23e73fa.jpeg&"
"3385107413","6342362147","6312199471","[오픈EVENT] 더폴슨 강아지 종합영양제 240g 1BOX","undefined","반려견 영양제 사려고하니까 좋은 것 같아 보이지만 막상보면 유효함량 안적혀있는 것들이 많은데 여기껀 다 적혀져있어서 좋은 것 같아요

영양제 먹일 때 휴지기 필요한데 노견이라 먹이는 영양제 종류 많은데 휴지기 다 체크하기 쉬운 것도 아니고 어려운데 휴지기 없는 것도 굉장히 편합니다

종합영양제라 따로 알아보기 어려운데 함량도 좋고 성분도 다 휴먼그레이드급이라 따로 걱정할 필요도 없을 듯 하네요 
다 들어간 종합영양제인 것 치고는 가격도 진짜 괜찮아서 부담없이 계속 먹일 수 있을 것 같아요!

그리고 가장 중요한 기호성! 안먹으면 의미없는데 
치석제거껌 먹는 것 마냥 너무 잘 먹어서 진짜 더 만족합니다!","5","ruix****","2022-03-11T04:10:06.514+00:00","&https://phinf.pstatic.net/checkout.phinf/20220311_51/1646971758624KIwGe_JPEG/review-attachment-28462fdd-e32e-4c90-81f7-67df45fe4bbd.jpeg&,&https://phinf.pstatic.net/checkout.phinf/20220311_214/1646971755052WzpUN_JPEG/review-attachment-6673e34a-87b4-4458-af29-2264298a6e48.jpeg&,&https://phinf.pstatic.net/checkout.phinf/20220311_34/1646971758375pJEJt_JPEG/review-attachment-6bfce6df-7f2a-4892-917e-864125944f5d.jpeg&,&https://phinf.pstatic.net/checkout.phinf/20220311_164/1646971758835IJuhB_JPEG/review-attachment-6ebacc3b-91c7-409a-8ea4-2577bd208cc5.jpeg&,&https://phinf.pstatic.net/checkout.phinf/20220311_230/16469717590495PTAn_JPEG/review-attachment-70938c88-c751-48c7-8019-745c5cc4cd82.jpeg&,&https://phinf.pstatic.net/image.nmv/shopnbuyer_2022_03_11_0/193949ee-a0f1-11ec-8a3e-505dac8c381b_03.jpg&"
"3384882885","6342362147","6312199471","[오픈EVENT] 더폴슨 강아지 종합영양제 240g 1BOX","undefined","더폴슨 강아지 종합영양제 간식처럼 생겨 강아지가 너무 잘 먹네요. 다른 영양제는 캡슐형이라 잘 안 먹는데 더폴슨 영양제는 강아지가 잘 먹도록 간식처럼 만들어 강아지가 너무 좋아하네요.","5","tm****","2022-03-11T00:06:05.788+00:00","&https://phinf.pstatic.net/checkout.phinf/20220311_263/1646956978749HBn4g_JPEG/review-attachment-2e6d7fbc-96c0-4a35-9f99-173715f54ce4.jpeg&,&https://phinf.pstatic.net/checkout.phinf/20220311_276/1646956983928lFbS8_JPEG/review-attachment-c5838c51-3755-426d-9ed8-8c94efb8a07b.jpeg&,&https://phinf.pstatic.net/checkout.phinf/20220311_92/1646956988890k79nY_JPEG/review-attachment-e33d7c21-0427-44f8-b6b6-35577a6e97aa.jpeg&,&https://phinf.pstatic.net/checkout.phinf/20220311_10/1646956993635u8g01_JPEG/review-attachment-fd2844a6-f07a-454b-999c-ede7a25f8066.jpeg&,&https://phinf.pstatic.net/checkout.phinf/20220311_237/1646957000119kCsDq_JPEG/review-attachment-e052dfb2-ca6d-4891-bbcb-c9e89371e86a.jpeg&,&https://phinf.pstatic.net/checkout.phinf/20220311_201/16469570092392iSEB_JPEG/review-attachment-6abf236a-3716-43d4-b468-4756f9ad383d.jpeg&"
"3384812070","6342362147","6312199471","[오픈EVENT] 더폴슨 강아지 종합영양제 240g 1BOX","undefined","저희집에는 6개월짜리 말티푸가 살고있어요!
강아지가 어리기때문에 아직 잔병치레는 없지만 미리 어릴때부터 질병을 예방해야한다고 하더라구요~ 
강아지들이 요즘에는 20살까지 산다고 하던데
같이 살아갈 가족이라면 아프지않는게 가장 중요한것같아요ㅠㅠ 너무 마음도 아프고 경제적인것도 아프기시작하면 꽤 크다고 하더라구요. 
더폴슨 강아지 영양제를 선택하게 된 이유는 종합영양제라는 것 때문인데요! 
사실 사람영양제도 잘 안챙겨먹는데... 
우리 댕댕이 영양제 하나 둘씩 사다보면 비용도 어마어마하고 종류가 너무 많아서 한꺼번에 다 먹여도 되는건가 걱정되었어요. 
현재도 유산균과 피부영양제, 눈물영양제가 있는데 세개를 꼬박 챙기기는 해도 다른 모자란것들은 어떡하나 더 사야하나 고민중이었는데 이 종합 영양제를 발견했어요!! 바로 구매해보았어요ㅎ 
그리고 웰시코기 황제 그림이 너무 귀엽고 웃겨서ㅋㅋㅋ 한참을 보고 웃었네요. 
휴지기도 없이 먹일수있다니ㅎㅎ
기호성도 뛰어나고 정말 좋네요. 
잘먹여서 건강관리 꾸준히 해볼게요^^","5","sile****","2022-03-10T16:18:15.350+00:00","&https://phinf.pstatic.net/checkout.phinf/20220311_239/16469288727614RQve_JPEG/review-attachment-e070cae0-518a-4bde-960a-0606de3a69d1.jpeg&,&https://phinf.pstatic.net/checkout.phinf/20220311_90/1646928890375WaunR_JPEG/review-attachment-16e86b50-ddc1-437e-af4a-1287be50134f.jpeg&,&https://phinf.pstatic.net/checkout.phinf/20220311_155/1646928902352gwquL_JPEG/review-attachment-4618b178-bdfb-453d-bfb4-874428c50750.jpeg&,&https://phinf.pstatic.net/checkout.phinf/20220311_185/1646928912496zVxuB_JPEG/review-attachment-61a4114d-1eee-4474-b811-a3fc3f08a3ff.jpeg&,&https://phinf.pstatic.net/checkout.phinf/20220311_48/16469289234078uQVj_JPEG/review-attachment-680e68bf-2b59-449f-affd-3fe002b52cca.jpeg&,&https://phinf.pstatic.net/checkout.phinf/20220311_299/1646928952934sTHLP_JPEG/review-attachment-09818991-06d9-40a4-81c1-e6bb418dcec3.jpeg&,&https://phinf.pstatic.net/checkout.phinf/20220311_225/1646928998093bFzdR_JPEG/review-attachment-21a23b3f-7627-4fa5-bfd3-820433b9b54a.jpeg&,&https://phinf.pstatic.net/checkout.phinf/20220311_257/1646929020359wOnOe_JPEG/review-attachment-86125741-fe46-45de-96b0-b7bdcd4a0d9e.jpeg&,&https://phinf.pstatic.net/checkout.phinf/20220311_276/164692904719013L1k_JPEG/review-attachment-647bb0b8-2c54-4ec4-9e57-db76f63ff13f.jpeg&,&https://phinf.pstatic.net/image.nmv/shopnbuyer_2022_03_11_0/a9154941-a08d-11ec-bef7-505dac8c38f5_03.jpg&"
"3384755142","6342362147","6312199471","[오픈EVENT] 더폴슨 강아지 종합영양제 240g 1BOX","undefined","어제부터 먹이기 시작했는데 너무 잘 먹네요. 성분 하나 하나 꼼꼼히 공개해서 더 믿고 먹일수 있는 부분도 마음에 들었구요~! 그리고 종합영양제 가격이 합리적이라서 더 마음에 드네요^^ 주변 지인들에게 추천하는중..리뷰 쓰는 스타일 아닌데 고민하시는 분들에게 추천해요","5","jdj4***","2022-03-10T14:05:47.300+00:00","&https://phinf.pstatic.net/checkout.phinf/20220310_129/1646921078706VyvxK_JPEG/review-attachment-754de6ee-1485-403c-9b5a-ecca96591fd0.jpeg&,&https://phinf.pstatic.net/checkout.phinf/20220310_239/1646921084876dXYnS_JPEG/review-attachment-3253d34d-9aaf-4482-b9cf-e40de9670daf.jpeg&,&https://phinf.pstatic.net/checkout.phinf/20220310_183/1646921090837uBlsY_JPEG/review-attachment-a59ade66-219a-4ffa-a13f-3ce65ac68b59.jpeg&,&https://phinf.pstatic.net/checkout.phinf/20220310_144/1646921095801s3kPf_JPEG/review-attachment-7692d06a-28f3-4db5-8862-2b7f404b00c1.jpeg&,&https://phinf.pstatic.net/checkout.phinf/20220310_46/1646921100636BX5kW_JPEG/review-attachment-4cc867f2-92b9-4a72-8e26-c01a7020184b.jpeg&,&https://phinf.pstatic.net/checkout.phinf/20220310_185/16469211063502Gb1f_JPEG/review-attachment-fd8efab1-3264-42b1-b8c9-864673702228.jpeg&,&https://phinf.pstatic.net/image.nmv/shopnbuyer_2022_03_10_0/1935a3d6-a07b-11ec-bbd8-d4f5ef5a9532_03.jpg&"
"3384685192","6342362147","6312199471","[오픈EVENT] 더폴슨 강아지 종합영양제 240g 1BOX","undefined","우리 강아지 좋은거 먹여주고 싶어서 구매 했습니다 ㅎㅎ 영양제 하나에 눈, 심장, 피부, 구강, 장, 간 등등 건강을 한 번에 챙겨줄 수 있어 맘에 들어요! 개별 포장 되어 있어서 위생적으로도 좋고 간식 관리하기에도 굿굿 아이가 간식처럼 엄청 잘 먹습니다 ㅎㅎ 만족스러워요","5","mast****","2022-03-10T12:31:20.738+00:00","&https://phinf.pstatic.net/checkout.phinf/20220310_63/16469153295835yEIy_JPEG/review-attachment-f0336743-7c12-467a-a80b-0ead4a4e6ebf.jpeg&,&https://phinf.pstatic.net/checkout.phinf/20220310_31/16469153300836gLv9_JPEG/review-attachment-419c65a2-6caa-45bb-be19-6fdda99918f6.jpeg&,&https://phinf.pstatic.net/checkout.phinf/20220310_271/1646915329953jAwjC_JPEG/review-attachment-ec5969d7-7a65-4eca-aa93-7bba4c396ae3.jpeg&,&https://phinf.pstatic.net/checkout.phinf/20220310_34/1646915330024EBoIV_JPEG/review-attachment-11689bbe-35ae-4b50-bd25-72e60bc9e058.jpeg&"
"3384562474","6342362147","6312199471","[오픈EVENT] 더폴슨 강아지 종합영양제 240g 1BOX","undefined","울집에 3개월된 말티푸를 키우기로해서 
집에 데려왔는데 맘은 ~좋은거 다 해주고싶은데
영양제도 어떤걸 먹여야할지 모르겠는 
초보 개엄마 예요^^;;
이것저것 먹일것없이 요거 하나면 된다고해서
영양성분이랑 꼼꼼히읽어보고 구매했어요
2개월이상부터 먹을수있다기에
저는 일단 냄새맡게하고 조금씩 떼어주었어요
처음접하는 영양간식이란걸 아는지 
너무좋아하네요 ㅎㅎ 진짜잘먹어요 
닭고기로 만들어서 맛있나봐요 
강아지영양제에 오메가3까지 들어있다니 
이건 진짜 최고 맘에드네요 
게다가 각종비타민에 아연까지 ㅋ 
이거하나면 다른거챙겨주지않아도 되서
편하게 급여할수 있을것같아요^^","5","rlaw*******","2022-03-10T09:55:28.870+00:00","&https://phinf.pstatic.net/checkout.phinf/20220310_208/1646906047832y6Fh5_JPEG/review-attachment-d7579be7-467d-4010-9015-ab1b268620a1.jpeg&,&https://phinf.pstatic.net/checkout.phinf/20220310_240/1646906054262SSRPd_JPEG/review-attachment-d9dc7745-0ff1-4b6d-b2df-ad24192a4036.jpeg&,&https://phinf.pstatic.net/checkout.phinf/20220310_219/1646906082633E9WER_JPEG/review-attachment-60c04ba0-ef7f-409b-bea5-14d3ec030f40.jpeg&,&https://phinf.pstatic.net/checkout.phinf/20220310_184/1646906082977mOg1w_JPEG/review-attachment-82959ba5-cd77-43fe-9537-7d34c7094196.jpeg&,&https://phinf.pstatic.net/image.nmv/shopnbuyer_2022_03_10_0/2a0576cf-a058-11ec-b145-48df379cc9e4_03.jpg&"
"3384332050","6342362147","6312199471","[오픈EVENT] 더폴슨 강아지 종합영양제 240g 1BOX","undefined","저희집 댕댕이가 입맛이 너무 까다로워서 걱정했는데 기호성 정말 좋네요! 사과도 새콤달콤 맛있는건 먹고 조금만 밍밍해서도 뱉어낼 정도의 까다로운 미각인데 저희집 댕댕이가 잘 먹는거 보니 정말 뿌듯하네요 :) 간식처럼 영양도 챙겨줄 수 있어서 정말 만족합니다! 꾸준히 구매하려구요!","5","jenn***","2022-03-10T04:34:05.116+00:00","&https://phinf.pstatic.net/checkout.phinf/20220310_4/1646886840868HQ7Yg_JPEG/review-attachment-27ee303e-df60-4ba3-8538-852bf5fe2ed3.jpeg&"
"4432915873","6626493419","6594908147","온누리약국개발 더폴슨 강아지 종합영양제 6BOX 영양 간식 애견 노견 노령견 관절 심장 영양제 비타민","개수: 6박스 + 10ea","저희집 강아지들이 아주 잘먹어요 
아직 먹인지 얼마 안돼서 효과는 아직 모르겠지만 잘먹어서 일단 합격입니다 
효과는 한달뒤 후기 쓸께요~^^","4","miky*****","2024-02-26T12:41:34.241+00:00","&https://phinf.pstatic.net/image.nmv/shopnbuyer_2024_02_26_0/54394ba3-d4a4-11ee-9167-a0369ffdf814_03.jpg&"
"4425907281","6626493419","6594908147","온누리약국개발 더폴슨 강아지 종합영양제 6BOX 영양 간식 애견 노견 노령견 관절 심장 영양제 비타민","개수: 6박스 + 10ea","우리 둥이가 2년정도 꾸준히 복용하고 있습니다.
잔병치레 없고 건강검진 결과도 좋고 강아지 건강에 좋은듯합니다.","5","only*****","2024-02-15T08:28:32.033+00:00","&https://phinf.pstatic.net/checkout.phinf/20240215_297/1707985707731kXg8A_JPEG/1000006622.jpg&"
"4404684460","6626493419","6594908147","더폴슨 강아지 종합영양제 6BOX 영양 간식 애견 노견 노령견 관절 심장 영양제 비타민","개수: 6박스 + 10ea","영양제 특성상 드라마틱한 효과는 잘모르겠으나
9살 노견에 접어든 식탐많은 강아지라 
간식처럼 주니 잘먹어서
꾸준히 먹이고 있어요","4","euni****","2024-01-10T07:53:42.494+00:00","&https://phinf.pstatic.net/checkout.phinf/20240110_219/1704873190707SDpY9_JPEG/20230426_203605.jpg&,&https://phinf.pstatic.net/checkout.phinf/20240110_140/1704873216667u3k17_JPEG/20231120_235914.jpg&,&https://phinf.pstatic.net/checkout.phinf/20240110_86/1704873216779JowKU_JPEG/20231204_191042.jpg&"
"4395067162","6626493419","6594908147","더폴슨 강아지 종합영양제 6BOX 영양 간식 애견 노견 노령견 관절 심장 영양제 비타민","개수: 6박스 + 10ea","영양제라 바로 눈에 띄는 변화는 없지만
나이들어가는 강아지에게 조금이나마
도움되지 않을까 싶어 먹이고 있어요.
간식처럼 잘먹어요","5","euni****","2023-12-24T17:01:41.676+00:00","&https://phinf.pstatic.net/checkout.phinf/20231225_179/17034372937739NP8V_JPEG/1701089560741.jpg&,&https://phinf.pstatic.net/checkout.phinf/20231225_131/17034372946081wFOU_JPEG/20231118_174112.jpg&,&https://phinf.pstatic.net/checkout.phinf/20231225_22/17034372946244WfRN_JPEG/20230902_152937.jpg&"
"4373917131","6626493419","6594908147","더폴슨 강아지 종합영양제 6BOX 영양 간식 애견 노견 노령견 관절 눈물자국 심장 영양제 비타민","개수: 6박스 + 10ea","입짧은 울아가가 너무너무 잘먹어서
제가 다 행복하네요!!^^","5","love******","2023-11-21T10:55:38.282+00:00","&https://phinf.pstatic.net/checkout.phinf/20231121_1/1700564132074q8qm2_JPEG/20231121_195355.jpg&"
"4333233899","6626493419","6594908147","더폴슨 강아지 종합영양제 6BOX 영양 간식 애견 노견 노령견 관절 눈물자국 심장 영양제 비타민","개수: 6박스 + 10ea","계속 먹이다가 이제 몇개 안남아서 계속 먹일지.. 그만 먹일지 고민하다가 그래도 낱개 포장이기도 하고 애들도 잘 먹고 성분도 투명한거 같아서 또 시켰네요~ 믿고 먹일께요","5","gmlw*****","2023-09-15T11:51:54.788+00:00","&https://phinf.pstatic.net/checkout.phinf/20230915_2/1694778640135RNb75_JPEG/IMG_20230915_204525_376.jpg&"
"4216771751","6626493419","6594908147","더폴슨 강아지 종합영양제 6BOX 영양 간식 애견 노견 노령견 관절 눈물자국 심장 영양제 비타민","개수: 6박스 + 10ea","매번구입해서먹는폴슨영양제
우선애들이넘잘먹는다는게좋아요~
낱개포장으로휴대하기도좋고
보관도용이해요","5","kims****","2023-03-23T15:36:39.508+00:00","&https://phinf.pstatic.net/checkout.phinf/20230324_64/1679585791096N8AiF_JPEG/20230322_172300.jpg&"
"4191923370","6626493419","6594908147","더폴슨 강아지 종합영양제 6BOX 영양 간식 애견 노견 노령견 관절 눈물자국 심장 영양제 비타민","개수: 6박스 + 10ea","조금비싸긴하지만저희시츄4마리가너무잘먹어요","5","jg****","2023-02-16T13:55:24.495+00:00","&https://phinf.pstatic.net/checkout.phinf/20230216_255/1676555718188MnHml_JPEG/BB6A4503-3121-4AAB-BE22-2DCA85192C5C.jpeg&"
"4176025783","6626493419","6594908147","더폴슨 강아지 종합영양제 6BOX 영양 간식 애견 노견 노령견 관절 눈물자국 심장 영양제 비타민","개수: 6박스 + 10ea","애기들이 너무 좋아해요 돈 열심히 벌어서 넉넉히 구매할거에요&gt;&lt;","5","inve***","2023-01-26T08:43:12.388+00:00",""
"4151297895","6626493419","6594908147","더폴슨 강아지 종합영양제 6BOX 영양 간식 애견 노견 노령견 관절 눈물자국 심장 영양제 비타민","개수: 6박스 + 10ea","매번 시키지만 쵝오에오ㅡ","5","kill********","2022-12-20T12:24:23.458+00:00","&https://phinf.pstatic.net/checkout.phinf/20221220_161/16715390571485TBEO_JPEG/20221113_193914.jpg&"
"4132952783","6626493419","6594908147","더폴슨 강아지 종합영양제 6BOX 영양 간식 애견 노견 노령견 관절 눈물자국 심장 영양제 비타민","개수: 6박스 + 10ea","기호성 좋아요 
아주 잘 먹어요~","5","emer*****","2022-11-25T00:52:18.796+00:00","&https://phinf.pstatic.net/checkout.phinf/20221125_259/16693375157297QPQG_JPEG/20221123_213308.jpg&"
"4125355920","6626493419","6594908147","더폴슨 강아지 종합영양제 6BOX 영양 간식 애견 노견 노령견 관절 눈물자국 심장 영양제 비타민","개수: 6박스 + 10ea","강아지가 넘 잘먹어요","5","kill********","2022-11-14T07:57:11.377+00:00","&https://phinf.pstatic.net/checkout.phinf/20221114_33/1668412627500JB8mj_JPEG/20221113_193914.jpg&"
"4063285908","6626493419","6594908147","더폴슨 강아지 종합영양제 6BOX 영양 간식 애견 노견 노령견 관절 눈물자국 심장 영양제 비타민","개수: 6박스 + 10ea","괜히재주문률이높은게아닌거같네요.맛과ㅓ건강함께챙기고있습니다.","5","rlem****","2022-08-13T14:44:00.568+00:00",""
"4051335939","6626493419","6594908147","더폴슨 강아지 종합영양제 6BOX 영양 간식 애견 노견 노령견 관절 눈물자국 심장 영양제 비타민","개수: 6박스 + 10ea","애기가 잘먹고 건강해졌어요","5","kill********","2022-07-27T01:16:25.770+00:00","&https://phinf.pstatic.net/checkout.phinf/20220727_114/1658884581577THYrh_JPEG/20220616_201443.jpg&"
"4030039158","6626493419","6594908147","더폴슨 강아지 종합영양제 3BOX 애견 노견 노령견 관절 눈물자국 심장 영양제 비타민","undefined","우리강아지가 아주 좋아하네요","5","psal*****","2022-06-27T05:15:30.335+00:00","&https://phinf.pstatic.net/checkout.phinf/20220627_36/1656306924396pKRgE_JPEG/review-attachment-597eded0-6674-41aa-92f6-7877ddf4f505.jpeg&"
"4023175292","6626493419","6594908147","더폴슨 강아지 종합영양제 6BOX 영양 간식 애견 노견 노령견 관절 눈물자국 심장 영양제 비타민","개수: 6박스 + 10ea","아이가 잘먹길 바래요","5","kill********","2022-06-17T06:24:58.173+00:00","&https://phinf.pstatic.net/checkout.phinf/20220617_148/1655447092994xnCvc_JPEG/review-attachment-acc55ef7-74aa-4956-8cc1-a588b1a4843e.jpeg&"
"4017852546","6626493419","6594908147","더폴슨 강아지 종합영양제 3BOX 애견 노견 노령견 관절 눈물자국 심장 영양제 비타민","undefined","기호성도 좋고 올인원이라~ 재구매했어요~^^","5","icek***","2022-06-10T07:51:43.127+00:00","&https://phinf.pstatic.net/checkout.phinf/20220610_38/1654847429891ISwHC_JPEG/review-attachment-5e7870e8-3cc9-4b62-b8ac-333bf09ba0d3.jpeg&,&https://phinf.pstatic.net/checkout.phinf/20220610_10/16548474316680vDcu_JPEG/review-attachment-721cc2d0-b7c3-4894-a309-a3fca632fe59.jpeg&,&https://phinf.pstatic.net/checkout.phinf/20220610_5/1654847433782G0eNv_JPEG/review-attachment-2f58e551-ee1d-4cb6-9b2a-8f9ba69ebf5f.jpeg&"
"4011774761","6626493419","6594908147","더폴슨 강아지 종합영양제 3BOX 애견 노견 노령견 관절 눈물자국 심장 영양제 비타민","개수: 3박스 + 10ea","포장이 너무 고급지고 기호성이 좋아요","5","gksa*****","2022-06-01T21:10:42.689+00:00",""
"4003260324","6626493419","6594908147","더폴슨 강아지 종합영양제 3BOX 애견 노견 노령견 관절 눈물자국 심장 영양제 비타민","개수: 3박스 + 20ea","일단 기호성이 좋아요.. 효과는 좀 더 먹여봐야 알 수 있을듯요","5","acec********","2022-05-20T03:11:56.836+00:00",""
"3427494277","6626493419","6594908147","더폴슨 강아지 종합영양제 3BOX 애견 노견 노령견 관절 눈물자국 심장 영양제 비타민","undefined","우리강아지가 많이 아파서 잘 안먹는데 이것은 잘먹는거 같아서  세개묶음시켜봤어요","5","psal*****","2022-05-09T02:59:35.065+00:00","&https://phinf.pstatic.net/checkout.phinf/20220509_11/1652065168405rLd90_JPEG/review-attachment-20ca5eb1-a0d2-46ac-a950-7a4ac621f948.jpeg&"
"4247686858","6626495290","6594910004","더폴슨 강아지 종합영양제 10BOX 영양 간식 애견 노견 노령견 관절 눈물자국 심장 영양제 비타민","개수: 10박스 + 10ea","항상 만족해서 시켜요","5","kill********","2023-05-08T06:53:59.315+00:00","&https://phinf.pstatic.net/checkout.phinf/20230508_154/1683528835601IvKLV_JPEG/20230325_171054.jpg&"
"4233347055","6626495290","6594910004","더폴슨 강아지 종합영양제 10BOX 영양 간식 애견 노견 노령견 관절 눈물자국 심장 영양제 비타민","개수: 10박스 + 10ea","저희집 애들이 나이가 좀 있는데 너무 잘먹고 좋아해서 먹입니다. 올인원 영양제라고 생각하고 먹여서 아프지 말고 건강하길 바라면서 먹이고있습니다!","5","gmlw*****","2023-04-16T18:16:33.973+00:00","&https://phinf.pstatic.net/checkout.phinf/20230417_48/1681668839308uOB5A_JPEG/20230416_170345.jpg&"
"4221795622","6626495290","6594910004","더폴슨 강아지 종합영양제 10BOX 영양 간식 애견 노견 노령견 관절 눈물자국 심장 영양제 비타민","개수: 10박스 + 10ea","배송도 빠르고 좋아요","5","kill********","2023-03-31T02:59:17.037+00:00","&https://phinf.pstatic.net/checkout.phinf/20230331_95/16802315528218LSYx_JPEG/20230325_171054.jpg&"
"4194443507","6626495290","6594910004","더폴슨 강아지 종합영양제 10BOX 영양 간식 애견 노견 노령견 관절 눈물자국 심장 영양제 비타민","개수: 10박스 + 10ea","배송이좀 늦긴 했는데 그건 배송사 문제니 잘 받았고 잘 먹이겠습니다","5","rlem****","2023-02-20T09:47:02.451+00:00",""